<?xml version = '1.0' encoding = 'UTF-8'?>
<Table class="oracle.dbtools.crest.model.design.relational.Table" directorySegmentName="seg_0" id="69B9A4F4-80D6-DD58-CE6B-0DBDA65754FF" name="CLAIM">
<createdBy>mashu</createdBy>
<createdTime>2017-11-07 20:09:21 UTC</createdTime>
<generatorID>7794B88B-430E-8C2D-D870-58B768D34C9D</generatorID>
<ownerDesignName>Default Model</ownerDesignName>
<allowColumnReorder>false</allowColumnReorder>
<existDependencyGenerateInDDl>true</existDependencyGenerateInDDl>
<parsed>true</parsed>
<columns itemClass="oracle.dbtools.crest.model.design.relational.Column">
<Column name="InsuranceClaimNo" id="38947500-D99F-2A5E-9995-E477A8493EF9">
<createdBy>mashu</createdBy>
<createdTime>2017-11-07 20:09:21 UTC</createdTime>
<generatorID>1AC2C9EF-AE32-B10A-C079-B71E013F02B8</generatorID>
<ownerDesignName>Default Model</ownerDesignName>
<useDomainConstraints>false</useDomainConstraints>
<use>1</use>
<logicalDatatype>LOGDT019</logicalDatatype>
<dataTypePrecision>5</dataTypePrecision>
<ownDataTypeParameters>,5,</ownDataTypeParameters>
<autoIncrementCycle>false</autoIncrementCycle>
</Column>
<Column name="InsuranceClaimAmount" id="546C2D1A-D999-3038-E8E2-8AB1EA8F1683">
<createdBy>mashu</createdBy>
<createdTime>2017-11-07 20:09:21 UTC</createdTime>
<generatorID>B40DC7B2-9DD1-3435-A401-2C4A2566CF04</generatorID>
<ownerDesignName>Default Model</ownerDesignName>
<nullsAllowed>true</nullsAllowed>
<useDomainConstraints>false</useDomainConstraints>
<use>1</use>
<logicalDatatype>LOGDT043</logicalDatatype>
<dataTypePrecision>10</dataTypePrecision>
<ownDataTypeParameters>,10,</ownDataTypeParameters>
<autoIncrementCycle>false</autoIncrementCycle>
</Column>
<Column name="InsuranceCliamDate" id="57F453CF-57B0-2D92-A10D-8911219FCACF">
<createdBy>mashu</createdBy>
<createdTime>2017-11-07 20:09:21 UTC</createdTime>
<generatorID>7B7F9D68-6E5F-2DD4-8646-A81AC8F6E14E</generatorID>
<ownerDesignName>Default Model</ownerDesignName>
<nullsAllowed>true</nullsAllowed>
<useDomainConstraints>false</useDomainConstraints>
<use>1</use>
<logicalDatatype>LOGDT007</logicalDatatype>
<ownDataTypeParameters>,,</ownDataTypeParameters>
<autoIncrementCycle>false</autoIncrementCycle>
</Column>
<Column name="InsuranceClaimType" id="C3DEA732-FBAE-8DC9-D410-EA09CDAA50BF">
<createdBy>mashu</createdBy>
<createdTime>2017-11-07 20:09:21 UTC</createdTime>
<generatorID>6E25FA4E-114A-B7B5-8782-16F44FDE68FB</generatorID>
<ownerDesignName>Default Model</ownerDesignName>
<nullsAllowed>true</nullsAllowed>
<useDomainConstraints>false</useDomainConstraints>
<use>1</use>
<logicalDatatype>LOGDT025</logicalDatatype>
<dataTypeSize>3 CHAR</dataTypeSize>
<ownDataTypeParameters>3 CHAR,,</ownDataTypeParameters>
<autoIncrementCycle>false</autoIncrementCycle>
</Column>
<Column name="LIFEPOLICY_LifePolicyNo" id="B2171903-CC1A-7FE5-293B-7ADA2FB08304">
<createdBy>mashu</createdBy>
<createdTime>2017-11-07 20:09:21 UTC</createdTime>
<generatorID>02BAF6CD-4EFF-747D-DA46-2B9E96714E81</generatorID>
<ownerDesignName>Default Model</ownerDesignName>
<useDomainConstraints>false</useDomainConstraints>
<use>1</use>
<logicalDatatype>LOGDT019</logicalDatatype>
<dataTypePrecision>5</dataTypePrecision>
<ownDataTypeParameters>,5,</ownDataTypeParameters>
<previousColumn>false</previousColumn>
<autoIncrementCycle>false</autoIncrementCycle>
<associations>
<colAssociation fkAssociation="C4B2FB01-19C3-ACB8-CB04-0B55AA23E942" referredColumn="491F8724-E70C-FC60-4885-98257FA34E7C"/>
</associations>
</Column>
<Column name="AUTOPOLICY_AutoPolicyNo" id="DACE4C04-4BC2-0279-D965-2E9B47D1DBAF">
<createdBy>mashu</createdBy>
<createdTime>2017-11-07 20:09:21 UTC</createdTime>
<generatorID>B7FEE608-DCEC-3BBC-62B7-089969E9A055</generatorID>
<ownerDesignName>Default Model</ownerDesignName>
<useDomainConstraints>false</useDomainConstraints>
<use>1</use>
<logicalDatatype>LOGDT019</logicalDatatype>
<dataTypePrecision>5</dataTypePrecision>
<ownDataTypeParameters>,5,</ownDataTypeParameters>
<previousColumn>false</previousColumn>
<autoIncrementCycle>false</autoIncrementCycle>
<associations>
<colAssociation fkAssociation="73671681-5AF5-731C-522A-AD6E6582781F" referredColumn="B1892CBC-D80A-9BC5-8B4B-E3950EB4651C"/>
</associations>
</Column>
<Column name="LIFEPOLICY_CLIENT_ClientID" id="BFFBD25B-44D1-28F4-7E98-D1D881EB5BE6">
<createdBy>mashu</createdBy>
<createdTime>2017-11-07 20:09:21 UTC</createdTime>
<generatorID>00E2FC14-F762-D2E5-35AE-0ED1246BE559</generatorID>
<ownerDesignName>Default Model</ownerDesignName>
<useDomainConstraints>false</useDomainConstraints>
<use>1</use>
<logicalDatatype>LOGDT019</logicalDatatype>
<dataTypePrecision>5</dataTypePrecision>
<ownDataTypeParameters>,5,</ownDataTypeParameters>
<previousColumn>false</previousColumn>
<autoIncrementCycle>false</autoIncrementCycle>
<associations>
<colAssociation fkAssociation="C4B2FB01-19C3-ACB8-CB04-0B55AA23E942" referredColumn="D409467D-7684-3235-6ABA-5A578A185CBB"/>
</associations>
</Column>
</columns>
<indexes itemClass="oracle.dbtools.crest.model.design.relational.Index">
<ind_PK_UK id="A74D306A-BE09-1E77-FD28-BD54A2914956" name="CLAIM_PK">
<createdBy>mashu</createdBy>
<createdTime>2017-11-07 20:09:21 UTC</createdTime>
<generatorID>12583AF9-8389-BEFB-790B-29E0E114628E</generatorID>
<ownerDesignName>Default Model</ownerDesignName>
<pk>true</pk>
<indexState>Primary Constraint</indexState>
<isSurrogateKey>false</isSurrogateKey>
<indexColumnUsage>
<colUsage columnID="38947500-D99F-2A5E-9995-E477A8493EF9"/>
</indexColumnUsage>
</ind_PK_UK>
<ind_PK_UK id="2F67C4F1-3065-6948-76A9-4DF8DDEEA6F0" name="CLAIM_AUTOPOLICY_FK">
<createdBy>mashu</createdBy>
<createdTime>2017-11-07 20:09:21 UTC</createdTime>
<generatorID>A9868776-05D0-E7C8-B32C-5373E77ADC05</generatorID>
<ownerDesignName>Default Model</ownerDesignName>
<indexState>Foreign Key</indexState>
<isSurrogateKey>false</isSurrogateKey>
<indexColumnUsage>
<colUsage columnID="DACE4C04-4BC2-0279-D965-2E9B47D1DBAF"/>
</indexColumnUsage>
</ind_PK_UK>
<ind_PK_UK id="8CE0B06E-5092-6BCE-D5D7-FC40579E65E5" name="CLAIM_LIFEPOLICY_FK">
<createdBy>mashu</createdBy>
<createdTime>2017-11-07 20:09:21 UTC</createdTime>
<generatorID>7CA21F50-5280-467B-05B7-BE9FDA0FC720</generatorID>
<ownerDesignName>Default Model</ownerDesignName>
<indexState>Foreign Key</indexState>
<isSurrogateKey>false</isSurrogateKey>
<indexColumnUsage>
<colUsage columnID="B2171903-CC1A-7FE5-293B-7ADA2FB08304"/>
<colUsage columnID="BFFBD25B-44D1-28F4-7E98-D1D881EB5BE6"/>
</indexColumnUsage>
</ind_PK_UK>
</indexes>
</Table>