<?xml version = '1.0' encoding = 'UTF-8'?>
<Table class="oracle.dbtools.crest.model.design.relational.Table" directorySegmentName="seg_0" id="713BAB7D-5B47-5166-4872-F66822B2997D" name="LIFEPOLICY">
<createdBy>mashu</createdBy>
<createdTime>2017-11-07 20:09:21 UTC</createdTime>
<generatorID>98FD5282-8FD1-893E-E694-3E0BBE7140E1</generatorID>
<ownerDesignName>Default Model</ownerDesignName>
<allowColumnReorder>false</allowColumnReorder>
<existDependencyGenerateInDDl>true</existDependencyGenerateInDDl>
<parsed>true</parsed>
<columns itemClass="oracle.dbtools.crest.model.design.relational.Column">
<Column name="LifePolicyNo" id="491F8724-E70C-FC60-4885-98257FA34E7C">
<createdBy>mashu</createdBy>
<createdTime>2017-11-07 20:09:21 UTC</createdTime>
<generatorID>4DF595C6-D3AE-10FB-688B-9150D31F654B</generatorID>
<ownerDesignName>Default Model</ownerDesignName>
<useDomainConstraints>false</useDomainConstraints>
<use>1</use>
<logicalDatatype>LOGDT019</logicalDatatype>
<dataTypePrecision>5</dataTypePrecision>
<ownDataTypeParameters>,5,</ownDataTypeParameters>
<autoIncrementCycle>false</autoIncrementCycle>
</Column>
<Column name="LifePolicyAmount" id="14B4092B-3F0D-8303-3BD8-2EA8741A47D5">
<createdBy>mashu</createdBy>
<createdTime>2017-11-07 20:09:21 UTC</createdTime>
<generatorID>5D096B91-75DB-2B2F-C05A-A9B811D4EB3C</generatorID>
<ownerDesignName>Default Model</ownerDesignName>
<nullsAllowed>true</nullsAllowed>
<useDomainConstraints>false</useDomainConstraints>
<use>1</use>
<logicalDatatype>LOGDT043</logicalDatatype>
<dataTypePrecision>10</dataTypePrecision>
<ownDataTypeParameters>,10,</ownDataTypeParameters>
<autoIncrementCycle>false</autoIncrementCycle>
</Column>
<Column name="LifePolicyDate" id="A05DAA30-C91A-050A-E04F-E35FE3A72B07">
<createdBy>mashu</createdBy>
<createdTime>2017-11-07 20:09:21 UTC</createdTime>
<generatorID>D836D3BF-0C66-D4E0-9B86-B468C0BEB016</generatorID>
<ownerDesignName>Default Model</ownerDesignName>
<nullsAllowed>true</nullsAllowed>
<useDomainConstraints>false</useDomainConstraints>
<use>1</use>
<logicalDatatype>LOGDT007</logicalDatatype>
<ownDataTypeParameters>,,</ownDataTypeParameters>
<autoIncrementCycle>false</autoIncrementCycle>
</Column>
<Column name="LifePolicyType" id="C9C1933A-C048-9AA2-5DB7-9E33D84078B0">
<createdBy>mashu</createdBy>
<createdTime>2017-11-07 20:09:21 UTC</createdTime>
<generatorID>02F2DBA2-A48C-D8BD-2F72-362C35727E74</generatorID>
<ownerDesignName>Default Model</ownerDesignName>
<nullsAllowed>true</nullsAllowed>
<useDomainConstraints>false</useDomainConstraints>
<use>1</use>
<logicalDatatype>LOGDT025</logicalDatatype>
<dataTypeSize>2 CHAR</dataTypeSize>
<ownDataTypeParameters>2 CHAR,,</ownDataTypeParameters>
<autoIncrementCycle>false</autoIncrementCycle>
</Column>
<Column name="AGENT_AgentID" id="BB406F02-F012-6762-6D26-172B07CB3EAE">
<createdBy>mashu</createdBy>
<createdTime>2017-11-07 20:09:21 UTC</createdTime>
<generatorID>CB5792D1-991D-D755-519A-0206053B5F83</generatorID>
<ownerDesignName>Default Model</ownerDesignName>
<useDomainConstraints>false</useDomainConstraints>
<use>1</use>
<logicalDatatype>LOGDT019</logicalDatatype>
<dataTypePrecision>5</dataTypePrecision>
<ownDataTypeParameters>,5,</ownDataTypeParameters>
<previousColumn>false</previousColumn>
<autoIncrementCycle>false</autoIncrementCycle>
<associations>
<colAssociation fkAssociation="1C4D034C-CB72-3A56-09FE-24F96CC6533E" referredColumn="394085F2-8B08-63CA-4108-60B607FF86D5"/>
</associations>
</Column>
<Column name="CLIENT_ClientID" id="D409467D-7684-3235-6ABA-5A578A185CBB">
<createdBy>mashu</createdBy>
<createdTime>2017-11-07 20:09:21 UTC</createdTime>
<generatorID>0A55404D-593E-B57C-3369-B595C1EFB0A1</generatorID>
<ownerDesignName>Default Model</ownerDesignName>
<useDomainConstraints>false</useDomainConstraints>
<use>1</use>
<logicalDatatype>LOGDT019</logicalDatatype>
<dataTypePrecision>5</dataTypePrecision>
<ownDataTypeParameters>,5,</ownDataTypeParameters>
<previousColumn>false</previousColumn>
<autoIncrementCycle>false</autoIncrementCycle>
<associations>
<colAssociation fkAssociation="34604A47-4EDA-2F2E-258D-C3B9AD9F9E6A" referredColumn="9A1B8CB7-D57C-27E6-A93D-9BC41C45F0ED"/>
</associations>
</Column>
</columns>
<indexes itemClass="oracle.dbtools.crest.model.design.relational.Index">
<ind_PK_UK id="D1CBC515-A884-4BBF-D2D9-BA9C7D500905" name="LIFEPOLICY_PK">
<createdBy>mashu</createdBy>
<createdTime>2017-11-07 20:09:21 UTC</createdTime>
<generatorID>9D5E03AE-9BD8-25CC-D26E-C0E1CDC3962E</generatorID>
<ownerDesignName>Default Model</ownerDesignName>
<pk>true</pk>
<indexState>Primary Constraint</indexState>
<isSurrogateKey>false</isSurrogateKey>
<indexColumnUsage>
<colUsage columnID="491F8724-E70C-FC60-4885-98257FA34E7C"/>
<colUsage columnID="D409467D-7684-3235-6ABA-5A578A185CBB"/>
</indexColumnUsage>
</ind_PK_UK>
<ind_PK_UK id="3AF24B03-8B5C-26C3-D20C-E5DBB14ACC7F" name="LIFEPOLICY_AGENT_FK">
<createdBy>mashu</createdBy>
<createdTime>2017-11-07 20:09:21 UTC</createdTime>
<generatorID>0A13682D-C728-1C0B-295E-6D7D9BEECB3C</generatorID>
<ownerDesignName>Default Model</ownerDesignName>
<indexState>Foreign Key</indexState>
<isSurrogateKey>false</isSurrogateKey>
<indexColumnUsage>
<colUsage columnID="BB406F02-F012-6762-6D26-172B07CB3EAE"/>
</indexColumnUsage>
</ind_PK_UK>
<ind_PK_UK id="70423773-AD2B-4D87-9398-F9E6DE1D63F1" name="LIFEPOLICY_CLIENT_FK">
<createdBy>mashu</createdBy>
<createdTime>2017-11-07 20:09:21 UTC</createdTime>
<generatorID>9DFB57F8-11C7-F68C-BDE8-2BD52CFBF728</generatorID>
<ownerDesignName>Default Model</ownerDesignName>
<indexState>Foreign Key</indexState>
<isSurrogateKey>false</isSurrogateKey>
<indexColumnUsage>
<colUsage columnID="D409467D-7684-3235-6ABA-5A578A185CBB"/>
</indexColumnUsage>
</ind_PK_UK>
</indexes>
</Table>