<?xml version = '1.0' encoding = 'UTF-8'?>
<Table class="oracle.dbtools.crest.model.design.relational.Table" directorySegmentName="seg_0" id="8FEB3296-87E8-CCFA-D907-A9CDCE1E9AB1" name="AGENT">
<createdBy>mashu</createdBy>
<createdTime>2017-11-07 20:09:21 UTC</createdTime>
<generatorID>04C560B9-9B8C-FA2D-B038-403D56F3B9C8</generatorID>
<ownerDesignName>Default Model</ownerDesignName>
<allowColumnReorder>false</allowColumnReorder>
<existDependencyGenerateInDDl>true</existDependencyGenerateInDDl>
<parsed>true</parsed>
<columns itemClass="oracle.dbtools.crest.model.design.relational.Column">
<Column name="AgentID" id="394085F2-8B08-63CA-4108-60B607FF86D5">
<createdBy>mashu</createdBy>
<createdTime>2017-11-07 20:09:21 UTC</createdTime>
<generatorID>5ADCEA4B-4E47-9EC1-CEA8-D75EBA17F640</generatorID>
<ownerDesignName>Default Model</ownerDesignName>
<useDomainConstraints>false</useDomainConstraints>
<use>1</use>
<logicalDatatype>LOGDT019</logicalDatatype>
<dataTypePrecision>5</dataTypePrecision>
<ownDataTypeParameters>,5,</ownDataTypeParameters>
<autoIncrementCycle>false</autoIncrementCycle>
</Column>
<Column name="AgentName" id="1C11926C-5A49-A9E8-9267-2530597A765F">
<createdBy>mashu</createdBy>
<createdTime>2017-11-07 20:09:21 UTC</createdTime>
<generatorID>4E4CBA4D-BAC9-5ECA-8724-CB2777436125</generatorID>
<ownerDesignName>Default Model</ownerDesignName>
<nullsAllowed>true</nullsAllowed>
<useDomainConstraints>false</useDomainConstraints>
<use>1</use>
<logicalDatatype>LOGDT025</logicalDatatype>
<dataTypeSize>10 CHAR</dataTypeSize>
<ownDataTypeParameters>10 CHAR,,</ownDataTypeParameters>
<autoIncrementCycle>false</autoIncrementCycle>
</Column>
<Column name="AutoTotalAnnualCommissionD" id="B5C98F27-2A85-D2B7-354F-13B34EC534C1">
<createdBy>mashu</createdBy>
<createdTime>2017-11-07 20:09:21 UTC</createdTime>
<generatorID>BA2220A5-30E5-3472-6F92-724D10512334</generatorID>
<ownerDesignName>Default Model</ownerDesignName>
<nullsAllowed>true</nullsAllowed>
<useDomainConstraints>false</useDomainConstraints>
<use>1</use>
<logicalDatatype>LOGDT043</logicalDatatype>
<dataTypePrecision>6</dataTypePrecision>
<ownDataTypeParameters>,6,</ownDataTypeParameters>
<autoIncrementCycle>false</autoIncrementCycle>
</Column>
<Column name="AutoTotalAnnualPremiumD" id="74C2A7E7-E58F-36E3-09A4-90FF8F3AAD1C">
<createdBy>mashu</createdBy>
<createdTime>2017-11-07 20:09:21 UTC</createdTime>
<generatorID>7DF56EE9-F936-8F70-3CD7-16940A488CA8</generatorID>
<ownerDesignName>Default Model</ownerDesignName>
<nullsAllowed>true</nullsAllowed>
<useDomainConstraints>false</useDomainConstraints>
<use>1</use>
<logicalDatatype>LOGDT043</logicalDatatype>
<dataTypePrecision>6</dataTypePrecision>
<ownDataTypeParameters>,6,</ownDataTypeParameters>
<autoIncrementCycle>false</autoIncrementCycle>
</Column>
<Column name="AutoTotalClientsD" id="3BE2EE1D-5550-4BFF-7912-2BFF65134D0B">
<createdBy>mashu</createdBy>
<createdTime>2017-11-07 20:09:21 UTC</createdTime>
<generatorID>BF6F87F7-B6F6-2245-F605-257B990D4146</generatorID>
<ownerDesignName>Default Model</ownerDesignName>
<nullsAllowed>true</nullsAllowed>
<useDomainConstraints>false</useDomainConstraints>
<use>1</use>
<logicalDatatype>LOGDT019</logicalDatatype>
<dataTypePrecision>3</dataTypePrecision>
<ownDataTypeParameters>,3,</ownDataTypeParameters>
<autoIncrementCycle>false</autoIncrementCycle>
</Column>
<Column name="TotalPoliciesD" id="1AE89826-E561-B78B-E8D7-9657D891BA88">
<createdBy>mashu</createdBy>
<createdTime>2017-11-07 20:09:21 UTC</createdTime>
<generatorID>81A17A59-40BB-1682-8BD6-75CC626D48BA</generatorID>
<ownerDesignName>Default Model</ownerDesignName>
<nullsAllowed>true</nullsAllowed>
<useDomainConstraints>false</useDomainConstraints>
<use>1</use>
<logicalDatatype>LOGDT019</logicalDatatype>
<dataTypePrecision>3</dataTypePrecision>
<ownDataTypeParameters>,3,</ownDataTypeParameters>
<autoIncrementCycle>false</autoIncrementCycle>
</Column>
<Column name="LifeTotalAnnualCommissionD" id="F1835383-DC61-2ED3-476B-47F0C1DE562A">
<createdBy>mashu</createdBy>
<createdTime>2017-11-07 20:09:21 UTC</createdTime>
<generatorID>6DD0BCE0-1FEC-51DC-E059-FA0C79D6BB34</generatorID>
<ownerDesignName>Default Model</ownerDesignName>
<nullsAllowed>true</nullsAllowed>
<useDomainConstraints>false</useDomainConstraints>
<use>1</use>
<logicalDatatype>LOGDT043</logicalDatatype>
<dataTypePrecision>6</dataTypePrecision>
<ownDataTypeParameters>,6,</ownDataTypeParameters>
<autoIncrementCycle>false</autoIncrementCycle>
</Column>
<Column name="LifeTotalAnnualPremiumD" id="C38CB8C7-6501-4FA3-A232-0A14E0D7899A">
<createdBy>mashu</createdBy>
<createdTime>2017-11-07 20:09:21 UTC</createdTime>
<generatorID>8DFF371B-C5FE-11A2-53D8-E4A7620E3874</generatorID>
<ownerDesignName>Default Model</ownerDesignName>
<nullsAllowed>true</nullsAllowed>
<useDomainConstraints>false</useDomainConstraints>
<use>1</use>
<logicalDatatype>LOGDT043</logicalDatatype>
<dataTypePrecision>6</dataTypePrecision>
<ownDataTypeParameters>,6,</ownDataTypeParameters>
<autoIncrementCycle>false</autoIncrementCycle>
</Column>
<Column name="LifeTotalClientsD" id="8F5FB34D-7A2C-3062-A64B-0D7E4636DBBA">
<createdBy>mashu</createdBy>
<createdTime>2017-11-07 20:09:21 UTC</createdTime>
<generatorID>34963FFA-2915-8360-CB85-AC582831861E</generatorID>
<ownerDesignName>Default Model</ownerDesignName>
<nullsAllowed>true</nullsAllowed>
<useDomainConstraints>false</useDomainConstraints>
<use>1</use>
<logicalDatatype>LOGDT019</logicalDatatype>
<dataTypePrecision>3</dataTypePrecision>
<ownDataTypeParameters>,3,</ownDataTypeParameters>
<autoIncrementCycle>false</autoIncrementCycle>
</Column>
</columns>
<indexes itemClass="oracle.dbtools.crest.model.design.relational.Index">
<ind_PK_UK id="59B51070-8D41-A86B-B595-ACA418235AC6" name="AGENT_PK">
<createdBy>mashu</createdBy>
<createdTime>2017-11-07 20:09:21 UTC</createdTime>
<generatorID>6B46E573-D1E7-1D1C-FDFF-6695ABADAFC8</generatorID>
<ownerDesignName>Default Model</ownerDesignName>
<pk>true</pk>
<indexState>Primary Constraint</indexState>
<isSurrogateKey>false</isSurrogateKey>
<indexColumnUsage>
<colUsage columnID="394085F2-8B08-63CA-4108-60B607FF86D5"/>
</indexColumnUsage>
</ind_PK_UK>
</indexes>
</Table>