<?xml version = '1.0' encoding = 'UTF-8'?>
<Table class="oracle.dbtools.crest.model.design.relational.Table" directorySegmentName="seg_0" id="944A4538-AA65-DD79-D6DB-022B502AB095" name="INVOICE">
<createdBy>mashu</createdBy>
<createdTime>2017-11-07 20:09:21 UTC</createdTime>
<generatorID>D2074057-9CF0-B938-3ED5-198178742748</generatorID>
<ownerDesignName>Default Model</ownerDesignName>
<allowColumnReorder>false</allowColumnReorder>
<existDependencyGenerateInDDl>true</existDependencyGenerateInDDl>
<parsed>true</parsed>
<columns itemClass="oracle.dbtools.crest.model.design.relational.Column">
<Column name="InvoiceNo" id="70EE770B-9428-C4D5-0BD7-F058CEEDE46F">
<createdBy>mashu</createdBy>
<createdTime>2017-11-07 20:09:21 UTC</createdTime>
<generatorID>6B9BB172-F618-89B9-E2E7-765086CE90F9</generatorID>
<ownerDesignName>Default Model</ownerDesignName>
<useDomainConstraints>false</useDomainConstraints>
<use>1</use>
<logicalDatatype>LOGDT019</logicalDatatype>
<dataTypePrecision>5</dataTypePrecision>
<ownDataTypeParameters>,5,</ownDataTypeParameters>
<autoIncrementCycle>false</autoIncrementCycle>
</Column>
<Column name="InvoiceAmountDue" id="D9B2BD8B-C356-4F9B-58BB-917722BC5F08">
<createdBy>mashu</createdBy>
<createdTime>2017-11-07 20:09:21 UTC</createdTime>
<generatorID>4759010E-05BF-0BBB-6ADE-65F2E1A85E9D</generatorID>
<ownerDesignName>Default Model</ownerDesignName>
<nullsAllowed>true</nullsAllowed>
<useDomainConstraints>false</useDomainConstraints>
<use>1</use>
<logicalDatatype>LOGDT043</logicalDatatype>
<dataTypePrecision>10</dataTypePrecision>
<ownDataTypeParameters>,10,</ownDataTypeParameters>
<autoIncrementCycle>false</autoIncrementCycle>
</Column>
<Column name="InvoiceDate" id="5B59AC19-38DE-3F0B-941C-2B3E673BEE33">
<createdBy>mashu</createdBy>
<createdTime>2017-11-07 20:09:21 UTC</createdTime>
<generatorID>4C9CD311-A91D-58D6-B454-CC2734262BA4</generatorID>
<ownerDesignName>Default Model</ownerDesignName>
<nullsAllowed>true</nullsAllowed>
<useDomainConstraints>false</useDomainConstraints>
<use>1</use>
<logicalDatatype>LOGDT007</logicalDatatype>
<ownDataTypeParameters>,,</ownDataTypeParameters>
<autoIncrementCycle>false</autoIncrementCycle>
</Column>
<Column name="InvoiceDueDate" id="475288C2-6569-587D-E105-CA7DC2A231D9">
<createdBy>mashu</createdBy>
<createdTime>2017-11-07 20:09:21 UTC</createdTime>
<generatorID>36BD22AD-52AF-0AF6-16A9-65FEE0684286</generatorID>
<ownerDesignName>Default Model</ownerDesignName>
<nullsAllowed>true</nullsAllowed>
<useDomainConstraints>false</useDomainConstraints>
<use>1</use>
<logicalDatatype>LOGDT007</logicalDatatype>
<ownDataTypeParameters>,,</ownDataTypeParameters>
<autoIncrementCycle>false</autoIncrementCycle>
</Column>
<Column name="InvoicePolicyType" id="043F5376-9D8F-AC28-B845-E6A993314A34">
<createdBy>mashu</createdBy>
<createdTime>2017-11-07 20:09:21 UTC</createdTime>
<generatorID>26070779-914B-733D-04CE-CDF3EDE0075A</generatorID>
<ownerDesignName>Default Model</ownerDesignName>
<nullsAllowed>true</nullsAllowed>
<useDomainConstraints>false</useDomainConstraints>
<use>1</use>
<logicalDatatype>LOGDT033</logicalDatatype>
<ownDataTypeParameters>,,</ownDataTypeParameters>
<autoIncrementCycle>false</autoIncrementCycle>
</Column>
<Column name="CLIENT_ClientID" id="3295F558-A435-4664-E086-E9A4C88DD7EC">
<createdBy>mashu</createdBy>
<createdTime>2017-11-07 20:09:21 UTC</createdTime>
<generatorID>8F11D714-8B9F-5651-AFD5-FAF9E23D1C7F</generatorID>
<ownerDesignName>Default Model</ownerDesignName>
<useDomainConstraints>false</useDomainConstraints>
<use>1</use>
<logicalDatatype>LOGDT019</logicalDatatype>
<dataTypePrecision>5</dataTypePrecision>
<ownDataTypeParameters>,5,</ownDataTypeParameters>
<previousColumn>false</previousColumn>
<autoIncrementCycle>false</autoIncrementCycle>
<associations>
<colAssociation fkAssociation="46511428-E703-F25F-AB1A-338D01685A90" referredColumn="9A1B8CB7-D57C-27E6-A93D-9BC41C45F0ED"/>
</associations>
</Column>
<Column name="PAYMENT_PaymentNo" id="C09B1CB0-A21F-5353-6A0E-C4D472EDBDD8">
<createdBy>mashu</createdBy>
<createdTime>2017-11-07 20:09:21 UTC</createdTime>
<generatorID>6AE4B8E8-A9B7-8E31-87A7-3CD170A65474</generatorID>
<ownerDesignName>Default Model</ownerDesignName>
<useDomainConstraints>false</useDomainConstraints>
<use>1</use>
<logicalDatatype>LOGDT019</logicalDatatype>
<dataTypePrecision>5</dataTypePrecision>
<ownDataTypeParameters>,5,</ownDataTypeParameters>
<previousColumn>false</previousColumn>
<autoIncrementCycle>false</autoIncrementCycle>
<associations>
<colAssociation fkAssociation="3F013D8A-0916-D920-9F90-C32D760311BC" referredColumn="244A4F5E-A8D5-2352-3112-E8AD9FEC0E83"/>
</associations>
</Column>
<Column name="LIFEPOLICY_LifePolicyNo" id="54B4B09B-D1F5-AE27-D9FA-DD99B5B26988">
<createdBy>mashu</createdBy>
<createdTime>2017-11-07 20:09:21 UTC</createdTime>
<generatorID>60B3BF8C-ABE7-DE41-9331-B1A15485F2F7</generatorID>
<ownerDesignName>Default Model</ownerDesignName>
<useDomainConstraints>false</useDomainConstraints>
<use>1</use>
<logicalDatatype>LOGDT019</logicalDatatype>
<dataTypePrecision>5</dataTypePrecision>
<ownDataTypeParameters>,5,</ownDataTypeParameters>
<previousColumn>false</previousColumn>
<autoIncrementCycle>false</autoIncrementCycle>
<associations>
<colAssociation fkAssociation="7AE3980F-847A-1C57-8D0E-E90E002FEFA0" referredColumn="491F8724-E70C-FC60-4885-98257FA34E7C"/>
</associations>
</Column>
<Column name="AUTOPOLICY_AutoPolicyNo" id="B22ABBB3-DB5D-06EE-043E-791AF9602D78">
<createdBy>mashu</createdBy>
<createdTime>2017-11-07 20:09:21 UTC</createdTime>
<generatorID>A684F6C7-D078-3E41-FD3F-A8AFEEC27DFC</generatorID>
<ownerDesignName>Default Model</ownerDesignName>
<useDomainConstraints>false</useDomainConstraints>
<use>1</use>
<logicalDatatype>LOGDT019</logicalDatatype>
<dataTypePrecision>5</dataTypePrecision>
<ownDataTypeParameters>,5,</ownDataTypeParameters>
<previousColumn>false</previousColumn>
<autoIncrementCycle>false</autoIncrementCycle>
<associations>
<colAssociation fkAssociation="A0E98EB1-71D2-209F-273D-28264AE9E23D" referredColumn="B1892CBC-D80A-9BC5-8B4B-E3950EB4651C"/>
</associations>
</Column>
<Column name="InsuranceCoAdd" id="06EA640C-12F9-9B49-538B-7CA5EEAD3AF8">
<createdBy>mashu</createdBy>
<createdTime>2017-11-07 20:09:21 UTC</createdTime>
<generatorID>BA42081F-435A-4ED4-8393-63C6FB77159C</generatorID>
<ownerDesignName>Default Model</ownerDesignName>
<nullsAllowed>true</nullsAllowed>
<useDomainConstraints>false</useDomainConstraints>
<use>1</use>
<logicalDatatype>LOGDT025</logicalDatatype>
<dataTypeSize>30</dataTypeSize>
<ownDataTypeParameters>30,,</ownDataTypeParameters>
<autoIncrementCycle>false</autoIncrementCycle>
</Column>
<Column name="InsuranceCoName" id="F771FC41-CAD8-F330-EBAE-B5EFF706A85E">
<createdBy>mashu</createdBy>
<createdTime>2017-11-07 20:09:21 UTC</createdTime>
<generatorID>DA271448-3074-CC00-E84B-DEFC950CEBC1</generatorID>
<ownerDesignName>Default Model</ownerDesignName>
<nullsAllowed>true</nullsAllowed>
<useDomainConstraints>false</useDomainConstraints>
<use>1</use>
<logicalDatatype>LOGDT025</logicalDatatype>
<dataTypeSize>20</dataTypeSize>
<ownDataTypeParameters>20,,</ownDataTypeParameters>
<autoIncrementCycle>false</autoIncrementCycle>
</Column>
<Column name="InsuranceCoPhone" id="D3ECB207-38E2-CB8E-55EF-BA5D57875025">
<createdBy>mashu</createdBy>
<createdTime>2017-11-07 20:09:21 UTC</createdTime>
<generatorID>57D368D1-BBA4-D592-8C51-CF1675DE1FBE</generatorID>
<ownerDesignName>Default Model</ownerDesignName>
<nullsAllowed>true</nullsAllowed>
<useDomainConstraints>false</useDomainConstraints>
<use>1</use>
<logicalDatatype>LOGDT019</logicalDatatype>
<dataTypePrecision>10</dataTypePrecision>
<dataTypeScale>10</dataTypeScale>
<ownDataTypeParameters>,10,10</ownDataTypeParameters>
<autoIncrementCycle>false</autoIncrementCycle>
</Column>
<Column name="LIFEPOLICY_CLIENT_ClientID" id="ECD44696-7CF2-E7E5-E1D6-89FB54B2FD8E">
<createdBy>mashu</createdBy>
<createdTime>2017-11-07 20:09:21 UTC</createdTime>
<generatorID>BD01128C-D060-99A3-630A-E24B773B0CD7</generatorID>
<ownerDesignName>Default Model</ownerDesignName>
<useDomainConstraints>false</useDomainConstraints>
<use>1</use>
<logicalDatatype>LOGDT019</logicalDatatype>
<dataTypePrecision>5</dataTypePrecision>
<ownDataTypeParameters>,5,</ownDataTypeParameters>
<previousColumn>false</previousColumn>
<autoIncrementCycle>false</autoIncrementCycle>
<associations>
<colAssociation fkAssociation="7AE3980F-847A-1C57-8D0E-E90E002FEFA0" referredColumn="D409467D-7684-3235-6ABA-5A578A185CBB"/>
</associations>
</Column>
</columns>
<indexes itemClass="oracle.dbtools.crest.model.design.relational.Index">
<ind_PK_UK id="F9B88806-BE16-CD49-F04A-283124CCACBD" name="INVOICE_PK">
<createdBy>mashu</createdBy>
<createdTime>2017-11-07 20:09:21 UTC</createdTime>
<generatorID>363C27FA-51AE-CC1E-4D8B-5D722AF81611</generatorID>
<ownerDesignName>Default Model</ownerDesignName>
<pk>true</pk>
<indexState>Primary Constraint</indexState>
<isSurrogateKey>false</isSurrogateKey>
<indexColumnUsage>
<colUsage columnID="70EE770B-9428-C4D5-0BD7-F058CEEDE46F"/>
</indexColumnUsage>
</ind_PK_UK>
<ind_PK_UK id="349DB6D5-B294-67FB-41CF-2140B7F22D56" name="INVOICE__IDX">
<createdBy>mashu</createdBy>
<createdTime>2017-11-07 20:09:21 UTC</createdTime>
<ownerDesignName>Default Model</ownerDesignName>
<indexState>Unique Plain Index</indexState>
<isSurrogateKey>false</isSurrogateKey>
<relationGeneratorID>59CAF5C0-7ACE-A971-193F-B2D6B6A2B6C7</relationGeneratorID>
<indexColumnUsage>
<colUsage columnID="C09B1CB0-A21F-5353-6A0E-C4D472EDBDD8"/>
</indexColumnUsage>
</ind_PK_UK>
<ind_PK_UK id="2F4A66A1-15A8-1858-D887-C7AD8F7CE841" name="INVOICE_CLIENT_FK">
<createdBy>mashu</createdBy>
<createdTime>2017-11-07 20:09:21 UTC</createdTime>
<generatorID>2C4BC564-2149-7F85-3DB2-E71A281C38FD</generatorID>
<ownerDesignName>Default Model</ownerDesignName>
<indexState>Foreign Key</indexState>
<isSurrogateKey>false</isSurrogateKey>
<indexColumnUsage>
<colUsage columnID="3295F558-A435-4664-E086-E9A4C88DD7EC"/>
</indexColumnUsage>
</ind_PK_UK>
<ind_PK_UK id="C4CD0078-E638-BE22-D64D-E18799937EEB" name="INVOICE_PAYMENT_FK">
<createdBy>mashu</createdBy>
<createdTime>2017-11-07 20:09:21 UTC</createdTime>
<generatorID>59CAF5C0-7ACE-A971-193F-B2D6B6A2B6C7</generatorID>
<ownerDesignName>Default Model</ownerDesignName>
<indexState>Foreign Key</indexState>
<isSurrogateKey>false</isSurrogateKey>
<indexColumnUsage>
<colUsage columnID="C09B1CB0-A21F-5353-6A0E-C4D472EDBDD8"/>
</indexColumnUsage>
</ind_PK_UK>
<ind_PK_UK id="DC7CE989-05DF-5BBC-5802-F89ABFF9C39C" name="INVOICE_LIFEPOLICY_FK">
<createdBy>mashu</createdBy>
<createdTime>2017-11-07 20:09:21 UTC</createdTime>
<generatorID>61602C38-176B-D366-54B7-46C31E7F1190</generatorID>
<ownerDesignName>Default Model</ownerDesignName>
<indexState>Foreign Key</indexState>
<isSurrogateKey>false</isSurrogateKey>
<indexColumnUsage>
<colUsage columnID="54B4B09B-D1F5-AE27-D9FA-DD99B5B26988"/>
<colUsage columnID="ECD44696-7CF2-E7E5-E1D6-89FB54B2FD8E"/>
</indexColumnUsage>
</ind_PK_UK>
<ind_PK_UK id="70A6F8D4-A3D7-2387-044E-A002D0E5DEB4" name="INVOICE_AUTOPOLICY_FK">
<createdBy>mashu</createdBy>
<createdTime>2017-11-07 20:09:21 UTC</createdTime>
<generatorID>2B3F5C7C-1A5D-A58D-60DF-FD358A3B7095</generatorID>
<ownerDesignName>Default Model</ownerDesignName>
<indexState>Foreign Key</indexState>
<isSurrogateKey>false</isSurrogateKey>
<indexColumnUsage>
<colUsage columnID="B22ABBB3-DB5D-06EE-043E-791AF9602D78"/>
</indexColumnUsage>
</ind_PK_UK>
</indexes>
</Table>