<?xml version = '1.0' encoding = 'UTF-8'?>
<Table class="oracle.dbtools.crest.model.design.relational.Table" directorySegmentName="seg_0" id="BF51BE86-2A45-FD37-0796-882993915EBC" name="AUTOPOLICY">
<createdBy>mashu</createdBy>
<createdTime>2017-11-07 20:09:21 UTC</createdTime>
<generatorID>14195FBF-0903-9A14-406D-390C22B4CB85</generatorID>
<ownerDesignName>Default Model</ownerDesignName>
<allowColumnReorder>false</allowColumnReorder>
<existDependencyGenerateInDDl>true</existDependencyGenerateInDDl>
<parsed>true</parsed>
<columns itemClass="oracle.dbtools.crest.model.design.relational.Column">
<Column name="AutoPolicyNo" id="B1892CBC-D80A-9BC5-8B4B-E3950EB4651C">
<createdBy>mashu</createdBy>
<createdTime>2017-11-07 20:09:21 UTC</createdTime>
<generatorID>6CEE97F6-DC97-225E-6E89-29A333524192</generatorID>
<ownerDesignName>Default Model</ownerDesignName>
<useDomainConstraints>false</useDomainConstraints>
<use>1</use>
<logicalDatatype>LOGDT019</logicalDatatype>
<dataTypePrecision>5</dataTypePrecision>
<ownDataTypeParameters>,5,</ownDataTypeParameters>
<autoIncrementCycle>false</autoIncrementCycle>
</Column>
<Column name="AutoPolicyDamageAmt" id="37A3B3BD-E169-8C10-9A99-8679A83F24E9">
<createdBy>mashu</createdBy>
<createdTime>2017-11-07 20:09:21 UTC</createdTime>
<generatorID>1BB49532-774D-0512-B994-F00F7AC85813</generatorID>
<ownerDesignName>Default Model</ownerDesignName>
<nullsAllowed>true</nullsAllowed>
<useDomainConstraints>false</useDomainConstraints>
<use>1</use>
<logicalDatatype>LOGDT043</logicalDatatype>
<dataTypePrecision>10</dataTypePrecision>
<ownDataTypeParameters>,10,</ownDataTypeParameters>
<autoIncrementCycle>false</autoIncrementCycle>
</Column>
<Column name="AutoPolicyDate" id="0E15A91F-B5B4-7DCD-E964-3DED60D52D02">
<createdBy>mashu</createdBy>
<createdTime>2017-11-07 20:09:21 UTC</createdTime>
<generatorID>5DA3B8B6-7B1C-BBC5-855E-14ECFE7BF99C</generatorID>
<ownerDesignName>Default Model</ownerDesignName>
<nullsAllowed>true</nullsAllowed>
<useDomainConstraints>false</useDomainConstraints>
<use>1</use>
<logicalDatatype>LOGDT007</logicalDatatype>
<ownDataTypeParameters>,,</ownDataTypeParameters>
<autoIncrementCycle>false</autoIncrementCycle>
</Column>
<Column name="CarMakeD" id="DE75F9E8-151A-5CE2-0C5E-41E7F00A1862">
<createdBy>mashu</createdBy>
<createdTime>2017-11-07 20:09:21 UTC</createdTime>
<generatorID>756076A0-3C8B-2BCA-C476-07C8E34CDB64</generatorID>
<ownerDesignName>Default Model</ownerDesignName>
<nullsAllowed>true</nullsAllowed>
<useDomainConstraints>false</useDomainConstraints>
<use>1</use>
<logicalDatatype>LOGDT025</logicalDatatype>
<dataTypeSize>10 CHAR</dataTypeSize>
<ownDataTypeParameters>10 CHAR,,</ownDataTypeParameters>
<autoIncrementCycle>false</autoIncrementCycle>
</Column>
<Column name="CarModelD" id="0EA4D9BC-242A-6AB2-CCEE-DE079090BB1A">
<createdBy>mashu</createdBy>
<createdTime>2017-11-07 20:09:21 UTC</createdTime>
<generatorID>FD1EEE54-2115-8FAC-1713-2CC37A317643</generatorID>
<ownerDesignName>Default Model</ownerDesignName>
<nullsAllowed>true</nullsAllowed>
<useDomainConstraints>false</useDomainConstraints>
<use>1</use>
<logicalDatatype>LOGDT025</logicalDatatype>
<dataTypeSize>10 CHAR</dataTypeSize>
<ownDataTypeParameters>10 CHAR,,</ownDataTypeParameters>
<autoIncrementCycle>false</autoIncrementCycle>
</Column>
<Column name="CarRegistrationNoD" id="E18A8648-2ADF-421D-25D8-D1037009D6E8">
<createdBy>mashu</createdBy>
<createdTime>2017-11-07 20:09:21 UTC</createdTime>
<generatorID>CCE92C35-5651-D2C8-FEFD-69772D555125</generatorID>
<ownerDesignName>Default Model</ownerDesignName>
<nullsAllowed>true</nullsAllowed>
<useDomainConstraints>false</useDomainConstraints>
<use>1</use>
<logicalDatatype>LOGDT019</logicalDatatype>
<dataTypePrecision>10</dataTypePrecision>
<ownDataTypeParameters>,10,</ownDataTypeParameters>
<autoIncrementCycle>false</autoIncrementCycle>
</Column>
<Column name="AGENT_AgentID" id="25C1F411-F3C0-2C9A-AC18-1BE4D0E6F704">
<createdBy>mashu</createdBy>
<createdTime>2017-11-07 20:09:21 UTC</createdTime>
<generatorID>E4473AA9-6AD3-4DAD-4619-4253C28FBC56</generatorID>
<ownerDesignName>Default Model</ownerDesignName>
<useDomainConstraints>false</useDomainConstraints>
<use>1</use>
<logicalDatatype>LOGDT019</logicalDatatype>
<dataTypePrecision>5</dataTypePrecision>
<ownDataTypeParameters>,5,</ownDataTypeParameters>
<previousColumn>false</previousColumn>
<autoIncrementCycle>false</autoIncrementCycle>
<associations>
<colAssociation fkAssociation="54B352CE-CAEE-32A6-3170-F246E855615D" referredColumn="394085F2-8B08-63CA-4108-60B607FF86D5"/>
</associations>
</Column>
<Column name="CLIENT_ClientID" id="EAEC174B-D105-410B-C364-7C852C584835">
<createdBy>mashu</createdBy>
<createdTime>2017-11-07 20:09:21 UTC</createdTime>
<generatorID>B37DB526-3488-714D-5B36-8432BF3768BF</generatorID>
<ownerDesignName>Default Model</ownerDesignName>
<useDomainConstraints>false</useDomainConstraints>
<use>1</use>
<logicalDatatype>LOGDT019</logicalDatatype>
<dataTypePrecision>5</dataTypePrecision>
<ownDataTypeParameters>,5,</ownDataTypeParameters>
<previousColumn>false</previousColumn>
<autoIncrementCycle>false</autoIncrementCycle>
<associations>
<colAssociation fkAssociation="69D6B6D3-A8D1-9F53-88DE-156B4A56C470" referredColumn="9A1B8CB7-D57C-27E6-A93D-9BC41C45F0ED"/>
</associations>
</Column>
</columns>
<indexes itemClass="oracle.dbtools.crest.model.design.relational.Index">
<ind_PK_UK id="84D56C92-11B0-48C6-8F38-F68DADF06AC5" name="AUTOPOLICY_PK">
<createdBy>mashu</createdBy>
<createdTime>2017-11-07 20:09:21 UTC</createdTime>
<generatorID>1C560762-1FAC-AE17-7B38-954124439CE8</generatorID>
<ownerDesignName>Default Model</ownerDesignName>
<pk>true</pk>
<indexState>Primary Constraint</indexState>
<isSurrogateKey>false</isSurrogateKey>
<indexColumnUsage>
<colUsage columnID="B1892CBC-D80A-9BC5-8B4B-E3950EB4651C"/>
</indexColumnUsage>
</ind_PK_UK>
<ind_PK_UK id="F6C6B1D0-C87F-877E-231F-EEB8AE2BD2B1" name="AUTOPOLICY_AGENT_FK">
<createdBy>mashu</createdBy>
<createdTime>2017-11-07 20:09:21 UTC</createdTime>
<generatorID>F65591BA-91C7-F8D8-2CA2-277D1E61E4ED</generatorID>
<ownerDesignName>Default Model</ownerDesignName>
<indexState>Foreign Key</indexState>
<isSurrogateKey>false</isSurrogateKey>
<indexColumnUsage>
<colUsage columnID="25C1F411-F3C0-2C9A-AC18-1BE4D0E6F704"/>
</indexColumnUsage>
</ind_PK_UK>
<ind_PK_UK id="A3759C65-0BFF-E3F5-5797-ECD587242A30" name="AUTOPOLICY_CLIENT_FK">
<createdBy>mashu</createdBy>
<createdTime>2017-11-07 20:09:21 UTC</createdTime>
<generatorID>A6EFF6F3-10DD-63E2-36DA-5993878D6A72</generatorID>
<ownerDesignName>Default Model</ownerDesignName>
<indexState>Foreign Key</indexState>
<isSurrogateKey>false</isSurrogateKey>
<indexColumnUsage>
<colUsage columnID="EAEC174B-D105-410B-C364-7C852C584835"/>
</indexColumnUsage>
</ind_PK_UK>
</indexes>
</Table>