<?xml version = '1.0' encoding = 'UTF-8'?>
<Entity class="oracle.dbtools.crest.model.design.logical.Entity" directorySegmentName="seg_0" id="26AC00FC-A210-CA53-BA26-655B6FCACD65" name="INVOICE">
<createdBy>HoddieMelo</createdBy>
<createdTime>2017-11-07 22:47:41 UTC</createdTime>
<ownerDesignName>Revised IDM</ownerDesignName>
<engineerTo>
<item key="C16D48B4-1A0A-D956-919D-F74DE30E102C" value="true"/>
</engineerTo>
<adequatelyNormalized>NO</adequatelyNormalized>
<expectedVolumes>0</expectedVolumes>
<fwdEngineeringStrategyName>Single Table</fwdEngineeringStrategyName>
<growthPercent>0</growthPercent>
<growthType>Year</growthType>
<maxVolumes>9999999</maxVolumes>
<minVolumes>0</minVolumes>
<normalForm>Third</normalForm>
<attributes itemClass="oracle.dbtools.crest.model.design.logical.Attribute">
<Attribute name="InvoiceNo" id="EE083295-BF92-3B84-11CA-AC792B472A0B">
<createdBy>HoddieMelo</createdBy>
<createdTime>2017-11-07 22:47:41 UTC</createdTime>
<ownerDesignName>Revised IDM</ownerDesignName>
<importedID>92990271-CA13-92E5-B418-B2839C42FE2B</importedID>
<engineerTo>
<item key="C16D48B4-1A0A-D956-919D-F74DE30E102C" value="true"/>
</engineerTo>
<useDomainConstraints>false</useDomainConstraints>
<use>1</use>
<logicalDatatype>LOGDT019</logicalDatatype>
<dataTypePrecision>5</dataTypePrecision>
<ownDataTypeParameters>,5,</ownDataTypeParameters>
</Attribute>
<Attribute name="InvoiceAmountDue" id="D092E85F-DA6E-1F85-B2BA-BAACF4F5CCC7">
<createdBy>HoddieMelo</createdBy>
<createdTime>2017-11-07 22:47:41 UTC</createdTime>
<ownerDesignName>Revised IDM</ownerDesignName>
<importedID>1EF98A38-A641-22B9-63F0-F8A872AAAD5C</importedID>
<engineerTo>
<item key="C16D48B4-1A0A-D956-919D-F74DE30E102C" value="true"/>
</engineerTo>
<nullsAllowed>true</nullsAllowed>
<useDomainConstraints>false</useDomainConstraints>
<use>1</use>
<logicalDatatype>LOGDT043</logicalDatatype>
<dataTypePrecision>10</dataTypePrecision>
<ownDataTypeParameters>,10,</ownDataTypeParameters>
</Attribute>
<Attribute name="InvoiceDate" id="4F08AB19-59CB-9629-E703-A91837E161A2">
<createdBy>HoddieMelo</createdBy>
<createdTime>2017-11-07 22:47:41 UTC</createdTime>
<ownerDesignName>Revised IDM</ownerDesignName>
<importedID>EA709872-407B-3C1F-8D63-A9B86FA85890</importedID>
<engineerTo>
<item key="C16D48B4-1A0A-D956-919D-F74DE30E102C" value="true"/>
</engineerTo>
<nullsAllowed>true</nullsAllowed>
<useDomainConstraints>false</useDomainConstraints>
<use>1</use>
<logicalDatatype>LOGDT007</logicalDatatype>
<ownDataTypeParameters>,,</ownDataTypeParameters>
</Attribute>
<Attribute name="InvoiceDueDate" id="717C5E52-853D-5ED4-063B-15343A5D8F47">
<createdBy>HoddieMelo</createdBy>
<createdTime>2017-11-07 22:47:41 UTC</createdTime>
<ownerDesignName>Revised IDM</ownerDesignName>
<importedID>6A2BF9F5-D512-3104-A5CF-B732AD29B311</importedID>
<engineerTo>
<item key="C16D48B4-1A0A-D956-919D-F74DE30E102C" value="true"/>
</engineerTo>
<nullsAllowed>true</nullsAllowed>
<useDomainConstraints>false</useDomainConstraints>
<use>1</use>
<logicalDatatype>LOGDT007</logicalDatatype>
<ownDataTypeParameters>,,</ownDataTypeParameters>
</Attribute>
<Attribute name="InvoicePolicyType" id="99E0030D-9CF6-4DCB-041B-E3231B0220F4">
<createdBy>HoddieMelo</createdBy>
<createdTime>2017-11-07 22:47:41 UTC</createdTime>
<ownerDesignName>Revised IDM</ownerDesignName>
<importedID>A5E43CD1-D262-241B-0045-58547E405EC0</importedID>
<engineerTo>
<item key="C16D48B4-1A0A-D956-919D-F74DE30E102C" value="true"/>
</engineerTo>
<nullsAllowed>true</nullsAllowed>
<useDomainConstraints>false</useDomainConstraints>
<use>1</use>
<logicalDatatype>LOGDT033</logicalDatatype>
<ownDataTypeParameters>,,</ownDataTypeParameters>
</Attribute>
<Attribute name="ClientID" id="C8DD3B2A-7B1C-A97B-894F-B3C18053D295">
<createdBy>HoddieMelo</createdBy>
<createdTime>2017-11-07 22:47:41 UTC</createdTime>
<generatorID>1FDA5D88-3432-7CA1-8DD1-2258E6F5C4F9</generatorID>
<ownerDesignName>Revised IDM</ownerDesignName>
<importedID>3CB5E2CE-B25A-9615-D0E5-DD54976262C8</importedID>
<engineerTo>
<item key="C16D48B4-1A0A-D956-919D-F74DE30E102C" value="true"/>
</engineerTo>
<referedAttribute>681BDEEB-5D0F-07F4-B25F-AD4146F7D3CC</referedAttribute>
<useDomainConstraints>false</useDomainConstraints>
<use>1</use>
<logicalDatatype>LOGDT019</logicalDatatype>
<dataTypePrecision>5</dataTypePrecision>
<ownDataTypeParameters>,5,</ownDataTypeParameters>
</Attribute>
<Attribute name="PaymentNo" id="72C6B32A-637B-F2F6-52D4-D36B593B88F9">
<createdBy>HoddieMelo</createdBy>
<createdTime>2017-11-07 22:47:41 UTC</createdTime>
<generatorID>491CEF8B-3DBE-A49F-975D-A96A0B51C6F0</generatorID>
<ownerDesignName>Revised IDM</ownerDesignName>
<importedID>7FE6A684-5802-C6E2-0271-5164A4B45948</importedID>
<engineerTo>
<item key="C16D48B4-1A0A-D956-919D-F74DE30E102C" value="true"/>
</engineerTo>
<referedAttribute>7D25B60F-E187-AA2F-7964-8CE09EE188A8</referedAttribute>
<useDomainConstraints>false</useDomainConstraints>
<use>1</use>
<logicalDatatype>LOGDT019</logicalDatatype>
<dataTypePrecision>5</dataTypePrecision>
<ownDataTypeParameters>,5,</ownDataTypeParameters>
</Attribute>
<Attribute name="LifePolicyNo" id="153714E8-6D73-B6EE-82CF-58F8ABD85CA5">
<createdBy>HoddieMelo</createdBy>
<createdTime>2017-11-07 22:47:41 UTC</createdTime>
<generatorID>AF8D7772-70AB-C4FF-7028-3FEA156285C9</generatorID>
<ownerDesignName>Revised IDM</ownerDesignName>
<importedID>403288DC-C45F-9F56-CA2F-50C66F6DB6A6</importedID>
<engineerTo>
<item key="C16D48B4-1A0A-D956-919D-F74DE30E102C" value="true"/>
</engineerTo>
<referedAttribute>FEDF5BE6-8186-74A3-2CB1-C78E051E4B8E</referedAttribute>
<useDomainConstraints>false</useDomainConstraints>
<use>1</use>
<logicalDatatype>LOGDT019</logicalDatatype>
<dataTypePrecision>5</dataTypePrecision>
<ownDataTypeParameters>,5,</ownDataTypeParameters>
</Attribute>
<Attribute name="AutoPolicyNo" id="BD83EE8B-0AEB-48E7-EAEC-55FE27086502">
<createdBy>HoddieMelo</createdBy>
<createdTime>2017-11-07 22:47:41 UTC</createdTime>
<generatorID>75284D1A-8D95-8AB6-A92F-DC6E2A739123</generatorID>
<ownerDesignName>Revised IDM</ownerDesignName>
<importedID>E567325E-1A43-C20B-806A-4E663647A2FC</importedID>
<engineerTo>
<item key="C16D48B4-1A0A-D956-919D-F74DE30E102C" value="true"/>
</engineerTo>
<referedAttribute>DA0C9C1E-9C08-6899-66D7-0E3FD93B0C68</referedAttribute>
<useDomainConstraints>false</useDomainConstraints>
<use>1</use>
<logicalDatatype>LOGDT019</logicalDatatype>
<dataTypePrecision>5</dataTypePrecision>
<ownDataTypeParameters>,5,</ownDataTypeParameters>
</Attribute>
<Attribute name="InsuranceCoAdd" id="47624671-4B37-ECCD-2E45-E1F448F6ABBE">
<createdBy>HoddieMelo</createdBy>
<createdTime>2017-11-07 22:47:41 UTC</createdTime>
<ownerDesignName>Revised IDM</ownerDesignName>
<importedID>AB4549BB-E87D-06CC-3F19-3F8F00742F62</importedID>
<engineerTo>
<item key="C16D48B4-1A0A-D956-919D-F74DE30E102C" value="true"/>
</engineerTo>
<nullsAllowed>true</nullsAllowed>
<useDomainConstraints>false</useDomainConstraints>
<use>1</use>
<logicalDatatype>LOGDT025</logicalDatatype>
<dataTypeSize>30</dataTypeSize>
<ownDataTypeParameters>30,,</ownDataTypeParameters>
</Attribute>
<Attribute name="InsuranceCoName" id="2AF335FC-B9E7-2196-2FCB-E2F9F18BA1CB">
<createdBy>HoddieMelo</createdBy>
<createdTime>2017-11-07 22:47:41 UTC</createdTime>
<ownerDesignName>Revised IDM</ownerDesignName>
<importedID>9872D00F-5F27-C0D6-BA4F-5C02F2B4A519</importedID>
<engineerTo>
<item key="C16D48B4-1A0A-D956-919D-F74DE30E102C" value="true"/>
</engineerTo>
<nullsAllowed>true</nullsAllowed>
<useDomainConstraints>false</useDomainConstraints>
<use>1</use>
<logicalDatatype>LOGDT025</logicalDatatype>
<dataTypeSize>20</dataTypeSize>
<ownDataTypeParameters>20,,</ownDataTypeParameters>
</Attribute>
<Attribute name="InsuranceCoPhone" id="C7AD8D01-4120-D99A-20A6-04A17A12A6D4">
<createdBy>HoddieMelo</createdBy>
<createdTime>2017-11-07 22:47:41 UTC</createdTime>
<ownerDesignName>Revised IDM</ownerDesignName>
<importedID>9E8DDE17-12DB-0D52-EC67-FF840DA80D11</importedID>
<engineerTo>
<item key="C16D48B4-1A0A-D956-919D-F74DE30E102C" value="true"/>
</engineerTo>
<nullsAllowed>true</nullsAllowed>
<useDomainConstraints>false</useDomainConstraints>
<use>1</use>
<logicalDatatype>LOGDT019</logicalDatatype>
<dataTypePrecision>10</dataTypePrecision>
<dataTypeScale>10</dataTypeScale>
<ownDataTypeParameters>,10,10</ownDataTypeParameters>
</Attribute>
<Attribute name="ClientID1" id="768A915C-2048-BA69-0589-44971FBF69B7">
<createdBy>HoddieMelo</createdBy>
<createdTime>2017-11-07 22:47:41 UTC</createdTime>
<generatorID>AF8D7772-70AB-C4FF-7028-3FEA156285C9</generatorID>
<ownerDesignName>Revised IDM</ownerDesignName>
<importedID>C04978C8-A830-35C1-728C-B90E32C2E1C2</importedID>
<engineerTo>
<item key="C16D48B4-1A0A-D956-919D-F74DE30E102C" value="true"/>
</engineerTo>
<referedAttribute>815FF4C9-65DE-17B4-607A-7C252DFC2CFF</referedAttribute>
<useDomainConstraints>false</useDomainConstraints>
<use>1</use>
<logicalDatatype>LOGDT019</logicalDatatype>
<dataTypePrecision>5</dataTypePrecision>
<ownDataTypeParameters>,5,</ownDataTypeParameters>
</Attribute>
</attributes>
<identifiers itemClass="oracle.dbtools.crest.model.design.logical.CandidateKey">
<identifier id="F37B1BE4-571F-E386-25AC-6D1E9D7D1136" name="INVOICE PK">
<createdBy>HoddieMelo</createdBy>
<createdTime>2017-11-07 22:47:41 UTC</createdTime>
<ownerDesignName>Revised IDM</ownerDesignName>
<shouldEngineer>false</shouldEngineer>
<engineerTo>
<item key="C16D48B4-1A0A-D956-919D-F74DE30E102C" value="false"/>
</engineerTo>
<pk>true</pk>
<usedAttributes>
<attributeRef>EE083295-BF92-3B84-11CA-AC792B472A0B</attributeRef>
</usedAttributes>
</identifier>
</identifiers>
</Entity>