<?xml version = '1.0' encoding = 'UTF-8'?>
<Entity class="oracle.dbtools.crest.model.design.logical.Entity" directorySegmentName="seg_0" id="6BD57B0B-13B1-B0D8-93E4-7B8CB9086CE2" name="CLIENT">
<createdBy>HoddieMelo</createdBy>
<createdTime>2017-11-07 22:47:41 UTC</createdTime>
<ownerDesignName>Revised IDM</ownerDesignName>
<engineerTo>
<item key="C16D48B4-1A0A-D956-919D-F74DE30E102C" value="true"/>
</engineerTo>
<adequatelyNormalized>NO</adequatelyNormalized>
<expectedVolumes>0</expectedVolumes>
<fwdEngineeringStrategyName>Single Table</fwdEngineeringStrategyName>
<growthPercent>0</growthPercent>
<growthType>Year</growthType>
<maxVolumes>9999999</maxVolumes>
<minVolumes>0</minVolumes>
<normalForm>Third</normalForm>
<attributes itemClass="oracle.dbtools.crest.model.design.logical.Attribute">
<Attribute name="ClientID" id="681BDEEB-5D0F-07F4-B25F-AD4146F7D3CC">
<createdBy>HoddieMelo</createdBy>
<createdTime>2017-11-07 22:47:41 UTC</createdTime>
<ownerDesignName>Revised IDM</ownerDesignName>
<importedID>4A42542C-FBD1-E4A6-0700-1ABA091C5870</importedID>
<engineerTo>
<item key="C16D48B4-1A0A-D956-919D-F74DE30E102C" value="true"/>
</engineerTo>
<useDomainConstraints>false</useDomainConstraints>
<use>1</use>
<logicalDatatype>LOGDT019</logicalDatatype>
<dataTypePrecision>5</dataTypePrecision>
<ownDataTypeParameters>,5,</ownDataTypeParameters>
</Attribute>
<Attribute name="ClientAddress" id="37C572FF-E6EA-7746-B911-3DBB218ECDC7">
<createdBy>HoddieMelo</createdBy>
<createdTime>2017-11-07 22:47:41 UTC</createdTime>
<ownerDesignName>Revised IDM</ownerDesignName>
<importedID>89DCADE0-8004-83A0-1F2C-3A5EBCF81DEB</importedID>
<engineerTo>
<item key="C16D48B4-1A0A-D956-919D-F74DE30E102C" value="true"/>
</engineerTo>
<useDomainConstraints>false</useDomainConstraints>
<use>1</use>
<logicalDatatype>LOGDT025</logicalDatatype>
<dataTypeSize>30 CHAR</dataTypeSize>
<ownDataTypeParameters>30 CHAR,,</ownDataTypeParameters>
</Attribute>
<Attribute name="ClientDOB" id="88E168CD-B562-C62E-EDD2-B342D4DA1D2A">
<createdBy>HoddieMelo</createdBy>
<createdTime>2017-11-07 22:47:41 UTC</createdTime>
<ownerDesignName>Revised IDM</ownerDesignName>
<importedID>EF38677F-6532-D7E3-6305-4F6A68D4B8F6</importedID>
<engineerTo>
<item key="C16D48B4-1A0A-D956-919D-F74DE30E102C" value="true"/>
</engineerTo>
<nullsAllowed>true</nullsAllowed>
<useDomainConstraints>false</useDomainConstraints>
<use>1</use>
<logicalDatatype>LOGDT007</logicalDatatype>
<ownDataTypeParameters>,,</ownDataTypeParameters>
</Attribute>
<Attribute name="ClientName" id="AA72A21D-6913-D424-2C57-B6876D95F563">
<createdBy>HoddieMelo</createdBy>
<createdTime>2017-11-07 22:47:41 UTC</createdTime>
<ownerDesignName>Revised IDM</ownerDesignName>
<importedID>3027CE27-0769-B86A-1BA4-96B902DDF710</importedID>
<engineerTo>
<item key="C16D48B4-1A0A-D956-919D-F74DE30E102C" value="true"/>
</engineerTo>
<nullsAllowed>true</nullsAllowed>
<useDomainConstraints>false</useDomainConstraints>
<use>1</use>
<logicalDatatype>LOGDT025</logicalDatatype>
<dataTypeSize>10 CHAR</dataTypeSize>
<ownDataTypeParameters>10 CHAR,,</ownDataTypeParameters>
</Attribute>
<Attribute name="ClientPhoneNo" id="8010772C-ABFA-94E7-EF31-9D4FC8464166">
<createdBy>HoddieMelo</createdBy>
<createdTime>2017-11-07 22:47:41 UTC</createdTime>
<ownerDesignName>Revised IDM</ownerDesignName>
<importedID>4137123C-15D4-A033-573B-0F9EFD2E2B26</importedID>
<engineerTo>
<item key="C16D48B4-1A0A-D956-919D-F74DE30E102C" value="true"/>
</engineerTo>
<nullsAllowed>true</nullsAllowed>
<useDomainConstraints>false</useDomainConstraints>
<use>1</use>
<logicalDatatype>LOGDT019</logicalDatatype>
<dataTypePrecision>10</dataTypePrecision>
<ownDataTypeParameters>,10,</ownDataTypeParameters>
</Attribute>
<Attribute name="DependentNameD" id="41AF9822-4A0F-18DF-70AC-9CFA28CFFBE7">
<createdBy>HoddieMelo</createdBy>
<createdTime>2017-11-07 22:47:41 UTC</createdTime>
<ownerDesignName>Revised IDM</ownerDesignName>
<importedID>5486A7A1-CB4D-E201-A766-784827B6F37C</importedID>
<engineerTo>
<item key="C16D48B4-1A0A-D956-919D-F74DE30E102C" value="true"/>
</engineerTo>
<nullsAllowed>true</nullsAllowed>
<useDomainConstraints>false</useDomainConstraints>
<use>1</use>
<logicalDatatype>LOGDT025</logicalDatatype>
<dataTypeSize>20 CHAR</dataTypeSize>
<ownDataTypeParameters>20 CHAR,,</ownDataTypeParameters>
</Attribute>
<Attribute name="DriverDOBD" id="8FC6401C-9103-06D1-9847-F17943A7FD7B">
<createdBy>HoddieMelo</createdBy>
<createdTime>2017-11-07 22:47:41 UTC</createdTime>
<ownerDesignName>Revised IDM</ownerDesignName>
<importedID>93204627-3D73-0D4B-C167-1D53DC96AC90</importedID>
<engineerTo>
<item key="C16D48B4-1A0A-D956-919D-F74DE30E102C" value="true"/>
</engineerTo>
<nullsAllowed>true</nullsAllowed>
<useDomainConstraints>false</useDomainConstraints>
<use>1</use>
<logicalDatatype>LOGDT007</logicalDatatype>
<ownDataTypeParameters>,,</ownDataTypeParameters>
</Attribute>
<Attribute name="DriverLicenseNoD" id="76B92666-9197-5289-C9DF-987E80FE2FD6">
<createdBy>HoddieMelo</createdBy>
<createdTime>2017-11-07 22:47:41 UTC</createdTime>
<ownerDesignName>Revised IDM</ownerDesignName>
<importedID>8C80E55C-21DA-AA2F-5F5D-8CD299312581</importedID>
<engineerTo>
<item key="C16D48B4-1A0A-D956-919D-F74DE30E102C" value="true"/>
</engineerTo>
<nullsAllowed>true</nullsAllowed>
<useDomainConstraints>false</useDomainConstraints>
<use>1</use>
<logicalDatatype>LOGDT019</logicalDatatype>
<dataTypePrecision>8</dataTypePrecision>
<ownDataTypeParameters>,8,</ownDataTypeParameters>
</Attribute>
<Attribute name="DriverNameD" id="8296785D-93C0-4403-3CF4-AA2EFBB6E334">
<createdBy>HoddieMelo</createdBy>
<createdTime>2017-11-07 22:47:41 UTC</createdTime>
<ownerDesignName>Revised IDM</ownerDesignName>
<importedID>70786C61-DB9A-8852-9A2E-C526BBA3239A</importedID>
<engineerTo>
<item key="C16D48B4-1A0A-D956-919D-F74DE30E102C" value="true"/>
</engineerTo>
<nullsAllowed>true</nullsAllowed>
<useDomainConstraints>false</useDomainConstraints>
<use>1</use>
<logicalDatatype>LOGDT025</logicalDatatype>
<dataTypeSize>10 CHAR</dataTypeSize>
<ownDataTypeParameters>10 CHAR,,</ownDataTypeParameters>
</Attribute>
<Attribute name="DriverSexD" id="E8744FA8-8F90-C53E-A70C-B810BF3D89F7">
<createdBy>HoddieMelo</createdBy>
<createdTime>2017-11-07 22:47:41 UTC</createdTime>
<ownerDesignName>Revised IDM</ownerDesignName>
<importedID>37D0909D-6D38-0100-0B9E-BA30439E0E61</importedID>
<engineerTo>
<item key="C16D48B4-1A0A-D956-919D-F74DE30E102C" value="true"/>
</engineerTo>
<nullsAllowed>true</nullsAllowed>
<useDomainConstraints>false</useDomainConstraints>
<use>1</use>
<logicalDatatype>LOGDT033</logicalDatatype>
<ownDataTypeParameters>,,</ownDataTypeParameters>
</Attribute>
<Attribute name="AgentID" id="1243B901-162E-1CD4-D480-64B98FAEE3FB">
<createdBy>HoddieMelo</createdBy>
<createdTime>2017-11-07 22:47:41 UTC</createdTime>
<generatorID>016CF891-4741-5688-5EAF-491A47716910</generatorID>
<ownerDesignName>Revised IDM</ownerDesignName>
<importedID>B2DBD7B3-72DC-8615-1863-635C7B729D3C</importedID>
<engineerTo>
<item key="C16D48B4-1A0A-D956-919D-F74DE30E102C" value="true"/>
</engineerTo>
<referedAttribute>0CBB257D-C1D4-F07E-6EB9-C987DA2B3FEC</referedAttribute>
<useDomainConstraints>false</useDomainConstraints>
<use>1</use>
<logicalDatatype>LOGDT019</logicalDatatype>
<dataTypePrecision>5</dataTypePrecision>
<ownDataTypeParameters>,5,</ownDataTypeParameters>
</Attribute>
</attributes>
<identifiers itemClass="oracle.dbtools.crest.model.design.logical.CandidateKey">
<identifier id="ABBA8CED-7DFC-6C9B-8FB2-13B8E6D3BE72" name="CLIENT PK">
<createdBy>HoddieMelo</createdBy>
<createdTime>2017-11-07 22:47:41 UTC</createdTime>
<ownerDesignName>Revised IDM</ownerDesignName>
<shouldEngineer>false</shouldEngineer>
<engineerTo>
<item key="C16D48B4-1A0A-D956-919D-F74DE30E102C" value="false"/>
</engineerTo>
<pk>true</pk>
<usedAttributes>
<attributeRef>681BDEEB-5D0F-07F4-B25F-AD4146F7D3CC</attributeRef>
</usedAttributes>
</identifier>
</identifiers>
</Entity>