<?xml version = '1.0' encoding = 'UTF-8'?>
<Entity class="oracle.dbtools.crest.model.design.logical.Entity" directorySegmentName="seg_0" id="EDA154F5-BC21-FC72-844B-F2F3409FB5FF" name="PAYMENT">
<createdBy>HoddieMelo</createdBy>
<createdTime>2017-11-07 22:47:41 UTC</createdTime>
<ownerDesignName>Revised IDM</ownerDesignName>
<engineerTo>
<item key="C16D48B4-1A0A-D956-919D-F74DE30E102C" value="true"/>
</engineerTo>
<adequatelyNormalized>NO</adequatelyNormalized>
<expectedVolumes>0</expectedVolumes>
<fwdEngineeringStrategyName>Single Table</fwdEngineeringStrategyName>
<growthPercent>0</growthPercent>
<growthType>Year</growthType>
<maxVolumes>9999999</maxVolumes>
<minVolumes>0</minVolumes>
<normalForm>Third</normalForm>
<attributes itemClass="oracle.dbtools.crest.model.design.logical.Attribute">
<Attribute name="PaymentNo" id="7D25B60F-E187-AA2F-7964-8CE09EE188A8">
<createdBy>HoddieMelo</createdBy>
<createdTime>2017-11-07 22:47:41 UTC</createdTime>
<ownerDesignName>Revised IDM</ownerDesignName>
<importedID>ACF12FAC-8F62-0018-EB22-84E0E6065232</importedID>
<engineerTo>
<item key="C16D48B4-1A0A-D956-919D-F74DE30E102C" value="true"/>
</engineerTo>
<useDomainConstraints>false</useDomainConstraints>
<use>1</use>
<logicalDatatype>LOGDT019</logicalDatatype>
<dataTypePrecision>5</dataTypePrecision>
<ownDataTypeParameters>,5,</ownDataTypeParameters>
</Attribute>
<Attribute name="PaymentAmount" id="732157D6-02BE-EDB4-5835-561385AC325E">
<createdBy>HoddieMelo</createdBy>
<createdTime>2017-11-07 22:47:41 UTC</createdTime>
<ownerDesignName>Revised IDM</ownerDesignName>
<importedID>3E007469-C199-01E4-905E-4296D5FED82E</importedID>
<engineerTo>
<item key="C16D48B4-1A0A-D956-919D-F74DE30E102C" value="true"/>
</engineerTo>
<nullsAllowed>true</nullsAllowed>
<useDomainConstraints>false</useDomainConstraints>
<use>1</use>
<logicalDatatype>LOGDT043</logicalDatatype>
<dataTypePrecision>10</dataTypePrecision>
<ownDataTypeParameters>,10,</ownDataTypeParameters>
</Attribute>
<Attribute name="PaymentDate" id="DD7F52B6-B71C-7F15-25F3-5D68C8D876C8">
<createdBy>HoddieMelo</createdBy>
<createdTime>2017-11-07 22:47:41 UTC</createdTime>
<ownerDesignName>Revised IDM</ownerDesignName>
<importedID>95E04BB3-3C52-1644-5448-556125F63384</importedID>
<engineerTo>
<item key="C16D48B4-1A0A-D956-919D-F74DE30E102C" value="true"/>
</engineerTo>
<nullsAllowed>true</nullsAllowed>
<useDomainConstraints>false</useDomainConstraints>
<use>1</use>
<logicalDatatype>LOGDT007</logicalDatatype>
<ownDataTypeParameters>,,</ownDataTypeParameters>
</Attribute>
<Attribute name="PaymenPolicyType" id="79C39B87-67A3-A257-BDEB-DBA16EE4BDF1">
<createdBy>HoddieMelo</createdBy>
<createdTime>2017-11-07 22:47:41 UTC</createdTime>
<ownerDesignName>Revised IDM</ownerDesignName>
<importedID>AE90AEB6-E4E8-DBD8-1D0A-56E1F2FE83C0</importedID>
<engineerTo>
<item key="C16D48B4-1A0A-D956-919D-F74DE30E102C" value="true"/>
</engineerTo>
<nullsAllowed>true</nullsAllowed>
<useDomainConstraints>false</useDomainConstraints>
<use>1</use>
<logicalDatatype>LOGDT033</logicalDatatype>
<ownDataTypeParameters>,,</ownDataTypeParameters>
</Attribute>
<Attribute name="PaymentType" id="0EB0B10F-E345-FCFF-2CC9-FFF44D3A7F25">
<createdBy>HoddieMelo</createdBy>
<createdTime>2017-11-07 22:47:41 UTC</createdTime>
<ownerDesignName>Revised IDM</ownerDesignName>
<importedID>87287401-B379-FC1B-C04B-B228BB7F69F9</importedID>
<engineerTo>
<item key="C16D48B4-1A0A-D956-919D-F74DE30E102C" value="true"/>
</engineerTo>
<nullsAllowed>true</nullsAllowed>
<useDomainConstraints>false</useDomainConstraints>
<use>1</use>
<logicalDatatype>LOGDT025</logicalDatatype>
<dataTypeSize>3 CHAR</dataTypeSize>
<ownDataTypeParameters>3 CHAR,,</ownDataTypeParameters>
</Attribute>
<Attribute name="ClientID" id="6D361255-DB11-A0D8-ED65-1E25DF3E6C18">
<createdBy>HoddieMelo</createdBy>
<createdTime>2017-11-07 22:47:41 UTC</createdTime>
<generatorID>74487B53-F2CE-C9CF-D281-263911F6BFD1</generatorID>
<ownerDesignName>Revised IDM</ownerDesignName>
<importedID>0B42ED18-A19A-DE9A-4432-5D3CA2B7A7E6</importedID>
<engineerTo>
<item key="C16D48B4-1A0A-D956-919D-F74DE30E102C" value="true"/>
</engineerTo>
<referedAttribute>681BDEEB-5D0F-07F4-B25F-AD4146F7D3CC</referedAttribute>
<useDomainConstraints>false</useDomainConstraints>
<use>1</use>
<logicalDatatype>LOGDT019</logicalDatatype>
<dataTypePrecision>5</dataTypePrecision>
<ownDataTypeParameters>,5,</ownDataTypeParameters>
</Attribute>
</attributes>
<identifiers itemClass="oracle.dbtools.crest.model.design.logical.CandidateKey">
<identifier id="DD1E977A-4F82-0F84-4A9C-481AEBF1BECB" name="PAYMENT PK">
<createdBy>HoddieMelo</createdBy>
<createdTime>2017-11-07 22:47:41 UTC</createdTime>
<ownerDesignName>Revised IDM</ownerDesignName>
<shouldEngineer>false</shouldEngineer>
<engineerTo>
<item key="C16D48B4-1A0A-D956-919D-F74DE30E102C" value="false"/>
</engineerTo>
<pk>true</pk>
<usedAttributes>
<attributeRef>7D25B60F-E187-AA2F-7964-8CE09EE188A8</attributeRef>
</usedAttributes>
</identifier>
</identifiers>
</Entity>