<?xml version = '1.0' encoding = 'UTF-8'?>
<Entity class="oracle.dbtools.crest.model.design.logical.Entity" directorySegmentName="seg_0" id="F42AAA50-63AD-EDFA-F24A-B8B6FDCFE714" name="CLAIM">
<createdBy>HoddieMelo</createdBy>
<createdTime>2017-11-07 22:47:41 UTC</createdTime>
<ownerDesignName>Revised IDM</ownerDesignName>
<engineerTo>
<item key="C16D48B4-1A0A-D956-919D-F74DE30E102C" value="true"/>
</engineerTo>
<adequatelyNormalized>NO</adequatelyNormalized>
<expectedVolumes>0</expectedVolumes>
<fwdEngineeringStrategyName>Single Table</fwdEngineeringStrategyName>
<growthPercent>0</growthPercent>
<growthType>Year</growthType>
<maxVolumes>9999999</maxVolumes>
<minVolumes>0</minVolumes>
<normalForm>Third</normalForm>
<attributes itemClass="oracle.dbtools.crest.model.design.logical.Attribute">
<Attribute name="InsuranceClaimNo" id="98D414A4-4474-9DFA-CA55-738CEC2D9D0A">
<createdBy>HoddieMelo</createdBy>
<createdTime>2017-11-07 22:47:41 UTC</createdTime>
<ownerDesignName>Revised IDM</ownerDesignName>
<importedID>5CAB177F-7A95-67C9-E3F6-117430239CC1</importedID>
<engineerTo>
<item key="C16D48B4-1A0A-D956-919D-F74DE30E102C" value="true"/>
</engineerTo>
<useDomainConstraints>false</useDomainConstraints>
<use>1</use>
<logicalDatatype>LOGDT019</logicalDatatype>
<dataTypePrecision>5</dataTypePrecision>
<ownDataTypeParameters>,5,</ownDataTypeParameters>
</Attribute>
<Attribute name="InsuranceClaimAmount" id="74CE1DED-BF07-A83D-4B52-3FD00ECF53B0">
<createdBy>HoddieMelo</createdBy>
<createdTime>2017-11-07 22:47:41 UTC</createdTime>
<ownerDesignName>Revised IDM</ownerDesignName>
<importedID>E8714E27-CFE9-F969-8924-DE79D28D2A8F</importedID>
<engineerTo>
<item key="C16D48B4-1A0A-D956-919D-F74DE30E102C" value="true"/>
</engineerTo>
<nullsAllowed>true</nullsAllowed>
<useDomainConstraints>false</useDomainConstraints>
<use>1</use>
<logicalDatatype>LOGDT043</logicalDatatype>
<dataTypePrecision>10</dataTypePrecision>
<ownDataTypeParameters>,10,</ownDataTypeParameters>
</Attribute>
<Attribute name="InsuranceCliamDate" id="F70C73B0-70F0-ECEA-59FB-92CD0EDCF06E">
<createdBy>HoddieMelo</createdBy>
<createdTime>2017-11-07 22:47:41 UTC</createdTime>
<ownerDesignName>Revised IDM</ownerDesignName>
<importedID>605E6266-6D87-9462-08D8-FA5A181475D9</importedID>
<engineerTo>
<item key="C16D48B4-1A0A-D956-919D-F74DE30E102C" value="true"/>
</engineerTo>
<nullsAllowed>true</nullsAllowed>
<useDomainConstraints>false</useDomainConstraints>
<use>1</use>
<logicalDatatype>LOGDT007</logicalDatatype>
<ownDataTypeParameters>,,</ownDataTypeParameters>
</Attribute>
<Attribute name="InsuranceClaimType" id="9C9D4E61-55D8-F5C1-86E7-84502BE73D64">
<createdBy>HoddieMelo</createdBy>
<createdTime>2017-11-07 22:47:41 UTC</createdTime>
<ownerDesignName>Revised IDM</ownerDesignName>
<importedID>487DC34E-F41A-EA44-A79A-4220FA1E9C9E</importedID>
<engineerTo>
<item key="C16D48B4-1A0A-D956-919D-F74DE30E102C" value="true"/>
</engineerTo>
<nullsAllowed>true</nullsAllowed>
<useDomainConstraints>false</useDomainConstraints>
<use>1</use>
<logicalDatatype>LOGDT025</logicalDatatype>
<dataTypeSize>3 CHAR</dataTypeSize>
<ownDataTypeParameters>3 CHAR,,</ownDataTypeParameters>
</Attribute>
<Attribute name="LifePolicyNo" id="B9121B7A-AFE8-50CA-E5BC-A12E8BB4C7DF">
<createdBy>HoddieMelo</createdBy>
<createdTime>2017-11-07 22:47:41 UTC</createdTime>
<generatorID>E0AB7776-95A0-9AF2-D073-5984BEB181D1</generatorID>
<ownerDesignName>Revised IDM</ownerDesignName>
<importedID>3F8C8A22-0DB6-512D-A288-05A645D4B497</importedID>
<engineerTo>
<item key="C16D48B4-1A0A-D956-919D-F74DE30E102C" value="true"/>
</engineerTo>
<referedAttribute>FEDF5BE6-8186-74A3-2CB1-C78E051E4B8E</referedAttribute>
<useDomainConstraints>false</useDomainConstraints>
<use>1</use>
<logicalDatatype>LOGDT019</logicalDatatype>
<dataTypePrecision>5</dataTypePrecision>
<ownDataTypeParameters>,5,</ownDataTypeParameters>
</Attribute>
<Attribute name="AutoPolicyNo" id="EC91B4FA-E3E1-0CD9-E4C0-E41EEEFCF73F">
<createdBy>HoddieMelo</createdBy>
<createdTime>2017-11-07 22:47:41 UTC</createdTime>
<generatorID>DDE340F1-46AA-6744-1664-2DC2D1EB17B0</generatorID>
<ownerDesignName>Revised IDM</ownerDesignName>
<importedID>121311F3-3368-DB30-1704-3DCAAE9E9616</importedID>
<engineerTo>
<item key="C16D48B4-1A0A-D956-919D-F74DE30E102C" value="true"/>
</engineerTo>
<referedAttribute>DA0C9C1E-9C08-6899-66D7-0E3FD93B0C68</referedAttribute>
<useDomainConstraints>false</useDomainConstraints>
<use>1</use>
<logicalDatatype>LOGDT019</logicalDatatype>
<dataTypePrecision>5</dataTypePrecision>
<ownDataTypeParameters>,5,</ownDataTypeParameters>
</Attribute>
<Attribute name="ClientID" id="97B2454E-63A1-D567-3F16-08149FC19147">
<createdBy>HoddieMelo</createdBy>
<createdTime>2017-11-07 22:47:41 UTC</createdTime>
<generatorID>E0AB7776-95A0-9AF2-D073-5984BEB181D1</generatorID>
<ownerDesignName>Revised IDM</ownerDesignName>
<importedID>7E0001D1-C22A-2D9F-CB25-F82C502C77AB</importedID>
<engineerTo>
<item key="C16D48B4-1A0A-D956-919D-F74DE30E102C" value="true"/>
</engineerTo>
<referedAttribute>815FF4C9-65DE-17B4-607A-7C252DFC2CFF</referedAttribute>
<useDomainConstraints>false</useDomainConstraints>
<use>1</use>
<logicalDatatype>LOGDT019</logicalDatatype>
<dataTypePrecision>5</dataTypePrecision>
<ownDataTypeParameters>,5,</ownDataTypeParameters>
</Attribute>
</attributes>
<identifiers itemClass="oracle.dbtools.crest.model.design.logical.CandidateKey">
<identifier id="93D85ACF-6E91-00CA-E443-D3649D607ED7" name="CLAIM PK">
<createdBy>HoddieMelo</createdBy>
<createdTime>2017-11-07 22:47:41 UTC</createdTime>
<ownerDesignName>Revised IDM</ownerDesignName>
<shouldEngineer>false</shouldEngineer>
<engineerTo>
<item key="C16D48B4-1A0A-D956-919D-F74DE30E102C" value="false"/>
</engineerTo>
<pk>true</pk>
<usedAttributes>
<attributeRef>98D414A4-4474-9DFA-CA55-738CEC2D9D0A</attributeRef>
</usedAttributes>
</identifier>
</identifiers>
</Entity>