<?xml version = '1.0' encoding = 'UTF-8'?>
<Entity class="oracle.dbtools.crest.model.design.logical.Entity" directorySegmentName="seg_0" id="3F29CF1A-A59B-54B9-17B2-254EBEE1B609" name="LIFEPOLICY">
<createdBy>HoddieMelo</createdBy>
<createdTime>2017-11-01 13:51:09 UTC</createdTime>
<ownerDesignName>Revised Model2</ownerDesignName>
<engineerTo>
<item key="159220C1-785C-73E3-A8E6-B55ED516DE0F" value="true"/>
</engineerTo>
<adequatelyNormalized>NO</adequatelyNormalized>
<expectedVolumes>0</expectedVolumes>
<fwdEngineeringStrategyName>Single Table</fwdEngineeringStrategyName>
<growthPercent>0</growthPercent>
<growthType>Year</growthType>
<maxVolumes>9999999</maxVolumes>
<minVolumes>0</minVolumes>
<normalForm>Third</normalForm>
<attributes itemClass="oracle.dbtools.crest.model.design.logical.Attribute">
<Attribute name="LifePolicyNo" id="B145A579-FA1C-16C7-3545-BE9D143452E1">
<createdBy>HoddieMelo</createdBy>
<createdTime>2017-11-01 13:51:39 UTC</createdTime>
<ownerDesignName>Revised Model2</ownerDesignName>
<engineerTo>
<item key="159220C1-785C-73E3-A8E6-B55ED516DE0F" value="true"/>
</engineerTo>
<useDomainConstraints>false</useDomainConstraints>
<use>1</use>
<logicalDatatype>LOGDT019</logicalDatatype>
<dataTypePrecision>5</dataTypePrecision>
<ownDataTypeParameters>,5,</ownDataTypeParameters>
</Attribute>
<Attribute name="LifePolicyAmount" id="9AA313AD-D8EF-4601-709F-011E8A73E0C4">
<createdBy>HoddieMelo</createdBy>
<createdTime>2017-11-01 13:52:03 UTC</createdTime>
<ownerDesignName>Revised Model2</ownerDesignName>
<engineerTo>
<item key="159220C1-785C-73E3-A8E6-B55ED516DE0F" value="true"/>
</engineerTo>
<nullsAllowed>true</nullsAllowed>
<useDomainConstraints>false</useDomainConstraints>
<use>1</use>
<logicalDatatype>LOGDT043</logicalDatatype>
<dataTypePrecision>10</dataTypePrecision>
<ownDataTypeParameters>,10,</ownDataTypeParameters>
</Attribute>
<Attribute name="LifePolicyDate" id="9DEF4558-549B-B94E-3A38-6A95405BC04C">
<createdBy>HoddieMelo</createdBy>
<createdTime>2017-11-01 13:52:32 UTC</createdTime>
<ownerDesignName>Revised Model2</ownerDesignName>
<engineerTo>
<item key="159220C1-785C-73E3-A8E6-B55ED516DE0F" value="true"/>
</engineerTo>
<nullsAllowed>true</nullsAllowed>
<useDomainConstraints>false</useDomainConstraints>
<use>1</use>
<logicalDatatype>LOGDT007</logicalDatatype>
<ownDataTypeParameters>,,</ownDataTypeParameters>
</Attribute>
<Attribute name="LifePolicyType" id="5ACEFFF9-BCA0-1AC8-25CF-346FE86F5AAE">
<createdBy>HoddieMelo</createdBy>
<createdTime>2017-11-01 13:52:50 UTC</createdTime>
<ownerDesignName>Revised Model2</ownerDesignName>
<engineerTo>
<item key="159220C1-785C-73E3-A8E6-B55ED516DE0F" value="true"/>
</engineerTo>
<nullsAllowed>true</nullsAllowed>
<useDomainConstraints>false</useDomainConstraints>
<use>1</use>
<logicalDatatype>LOGDT025</logicalDatatype>
<dataTypeSize>2 CHAR</dataTypeSize>
<ownDataTypeParameters>2 CHAR,,</ownDataTypeParameters>
</Attribute>
<Attribute name="AgentID" id="A87EA07A-C9C6-7A83-FECA-70AC1398C2BE">
<createdBy>HoddieMelo</createdBy>
<createdTime>2017-11-01 13:59:49 UTC</createdTime>
<generatorID>EEE72D7C-93EC-21ED-D8CC-EC5CD331BB52</generatorID>
<ownerDesignName>Revised Model2</ownerDesignName>
<engineerTo>
<item key="159220C1-785C-73E3-A8E6-B55ED516DE0F" value="true"/>
</engineerTo>
<referedAttribute>4BCA7945-DA7F-AD05-6F18-A0A8F9EB5A04</referedAttribute>
<useDomainConstraints>false</useDomainConstraints>
<use>1</use>
<logicalDatatype>LOGDT019</logicalDatatype>
<dataTypePrecision>5</dataTypePrecision>
<ownDataTypeParameters>,5,</ownDataTypeParameters>
</Attribute>
<Attribute name="ClientID" id="CA541E6A-E9E5-7B11-AA9A-1D4598C0C5BD">
<createdBy>mashu</createdBy>
<createdTime>2017-11-07 19:27:03 UTC</createdTime>
<generatorID>1B4D6D92-CF5D-4544-487E-AC9DB97FED93</generatorID>
<ownerDesignName>Revised Model2</ownerDesignName>
<engineerTo>
<item key="159220C1-785C-73E3-A8E6-B55ED516DE0F" value="true"/>
</engineerTo>
<referedAttribute>4A42542C-FBD1-E4A6-0700-1ABA091C5870</referedAttribute>
<useDomainConstraints>false</useDomainConstraints>
<use>1</use>
<logicalDatatype>LOGDT019</logicalDatatype>
<dataTypePrecision>5</dataTypePrecision>
<ownDataTypeParameters>,5,</ownDataTypeParameters>
</Attribute>
</attributes>
<identifiers itemClass="oracle.dbtools.crest.model.design.logical.CandidateKey">
<identifier id="BB408F4F-CAA3-FF39-11FB-C2F21F5DAB47" name="LIFEPOLICY PK">
<createdBy>HoddieMelo</createdBy>
<createdTime>2017-11-01 13:52:29 UTC</createdTime>
<ownerDesignName>Revised Model2</ownerDesignName>
<shouldEngineer>false</shouldEngineer>
<engineerTo>
<item key="159220C1-785C-73E3-A8E6-B55ED516DE0F" value="false"/>
</engineerTo>
<pk>true</pk>
<usedAttributes>
<attributeRef>B145A579-FA1C-16C7-3545-BE9D143452E1</attributeRef>
<attributeRef>CA541E6A-E9E5-7B11-AA9A-1D4598C0C5BD</attributeRef>
</usedAttributes>
</identifier>
</identifiers>
</Entity>