<?xml version = '1.0' encoding = 'UTF-8'?>
<Entity class="oracle.dbtools.crest.model.design.logical.Entity" directorySegmentName="seg_0" id="62B8AE91-16F2-B216-24D9-983234984606" name="CLIENT">
<createdBy>HoddieMelo</createdBy>
<createdTime>2017-11-01 13:40:31 UTC</createdTime>
<ownerDesignName>Revised Model2</ownerDesignName>
<engineerTo>
<item key="159220C1-785C-73E3-A8E6-B55ED516DE0F" value="true"/>
</engineerTo>
<adequatelyNormalized>NO</adequatelyNormalized>
<expectedVolumes>0</expectedVolumes>
<fwdEngineeringStrategyName>Single Table</fwdEngineeringStrategyName>
<growthPercent>0</growthPercent>
<growthType>Year</growthType>
<maxVolumes>9999999</maxVolumes>
<minVolumes>0</minVolumes>
<normalForm>Third</normalForm>
<attributes itemClass="oracle.dbtools.crest.model.design.logical.Attribute">
<Attribute name="ClientID" id="4A42542C-FBD1-E4A6-0700-1ABA091C5870">
<createdBy>HoddieMelo</createdBy>
<createdTime>2017-11-01 13:40:38 UTC</createdTime>
<ownerDesignName>Revised Model2</ownerDesignName>
<engineerTo>
<item key="159220C1-785C-73E3-A8E6-B55ED516DE0F" value="true"/>
</engineerTo>
<useDomainConstraints>false</useDomainConstraints>
<use>1</use>
<logicalDatatype>LOGDT019</logicalDatatype>
<dataTypePrecision>5</dataTypePrecision>
<ownDataTypeParameters>,5,</ownDataTypeParameters>
</Attribute>
<Attribute name="ClientAddress" id="89DCADE0-8004-83A0-1F2C-3A5EBCF81DEB">
<createdBy>HoddieMelo</createdBy>
<createdTime>2017-11-01 13:41:07 UTC</createdTime>
<ownerDesignName>Revised Model2</ownerDesignName>
<engineerTo>
<item key="159220C1-785C-73E3-A8E6-B55ED516DE0F" value="true"/>
</engineerTo>
<useDomainConstraints>false</useDomainConstraints>
<use>1</use>
<logicalDatatype>LOGDT025</logicalDatatype>
<dataTypeSize>30 CHAR</dataTypeSize>
<ownDataTypeParameters>30 CHAR,,</ownDataTypeParameters>
</Attribute>
<Attribute name="ClientDOB" id="EF38677F-6532-D7E3-6305-4F6A68D4B8F6">
<createdBy>HoddieMelo</createdBy>
<createdTime>2017-11-01 13:41:24 UTC</createdTime>
<ownerDesignName>Revised Model2</ownerDesignName>
<engineerTo>
<item key="159220C1-785C-73E3-A8E6-B55ED516DE0F" value="true"/>
</engineerTo>
<nullsAllowed>true</nullsAllowed>
<useDomainConstraints>false</useDomainConstraints>
<use>1</use>
<logicalDatatype>LOGDT007</logicalDatatype>
<ownDataTypeParameters>,,</ownDataTypeParameters>
</Attribute>
<Attribute name="ClientName" id="3027CE27-0769-B86A-1BA4-96B902DDF710">
<createdBy>HoddieMelo</createdBy>
<createdTime>2017-11-01 13:41:55 UTC</createdTime>
<ownerDesignName>Revised Model2</ownerDesignName>
<engineerTo>
<item key="159220C1-785C-73E3-A8E6-B55ED516DE0F" value="true"/>
</engineerTo>
<nullsAllowed>true</nullsAllowed>
<useDomainConstraints>false</useDomainConstraints>
<use>1</use>
<logicalDatatype>LOGDT025</logicalDatatype>
<dataTypeSize>10 CHAR</dataTypeSize>
<ownDataTypeParameters>10 CHAR,,</ownDataTypeParameters>
</Attribute>
<Attribute name="ClientPhoneNo" id="4137123C-15D4-A033-573B-0F9EFD2E2B26">
<createdBy>HoddieMelo</createdBy>
<createdTime>2017-11-01 13:42:06 UTC</createdTime>
<ownerDesignName>Revised Model2</ownerDesignName>
<engineerTo>
<item key="159220C1-785C-73E3-A8E6-B55ED516DE0F" value="true"/>
</engineerTo>
<nullsAllowed>true</nullsAllowed>
<useDomainConstraints>false</useDomainConstraints>
<use>1</use>
<logicalDatatype>LOGDT019</logicalDatatype>
<dataTypePrecision>10</dataTypePrecision>
<ownDataTypeParameters>,10,</ownDataTypeParameters>
</Attribute>
<Attribute name="DependentNameD" id="5486A7A1-CB4D-E201-A766-784827B6F37C">
<createdBy>HoddieMelo</createdBy>
<createdTime>2017-11-01 13:42:35 UTC</createdTime>
<ownerDesignName>Revised Model2</ownerDesignName>
<engineerTo>
<item key="159220C1-785C-73E3-A8E6-B55ED516DE0F" value="true"/>
</engineerTo>
<nullsAllowed>true</nullsAllowed>
<useDomainConstraints>false</useDomainConstraints>
<use>1</use>
<logicalDatatype>LOGDT025</logicalDatatype>
<dataTypeSize>20 CHAR</dataTypeSize>
<ownDataTypeParameters>20 CHAR,,</ownDataTypeParameters>
</Attribute>
<Attribute name="DriverDOBD" id="93204627-3D73-0D4B-C167-1D53DC96AC90">
<createdBy>HoddieMelo</createdBy>
<createdTime>2017-11-01 13:43:33 UTC</createdTime>
<ownerDesignName>Revised Model2</ownerDesignName>
<engineerTo>
<item key="159220C1-785C-73E3-A8E6-B55ED516DE0F" value="true"/>
</engineerTo>
<nullsAllowed>true</nullsAllowed>
<useDomainConstraints>false</useDomainConstraints>
<use>1</use>
<logicalDatatype>LOGDT007</logicalDatatype>
<ownDataTypeParameters>,,</ownDataTypeParameters>
</Attribute>
<Attribute name="DriverLicenseNoD" id="8C80E55C-21DA-AA2F-5F5D-8CD299312581">
<createdBy>HoddieMelo</createdBy>
<createdTime>2017-11-01 13:44:27 UTC</createdTime>
<ownerDesignName>Revised Model2</ownerDesignName>
<engineerTo>
<item key="159220C1-785C-73E3-A8E6-B55ED516DE0F" value="true"/>
</engineerTo>
<nullsAllowed>true</nullsAllowed>
<useDomainConstraints>false</useDomainConstraints>
<use>1</use>
<logicalDatatype>LOGDT019</logicalDatatype>
<dataTypePrecision>8</dataTypePrecision>
<ownDataTypeParameters>,8,</ownDataTypeParameters>
</Attribute>
<Attribute name="DriverNameD" id="70786C61-DB9A-8852-9A2E-C526BBA3239A">
<createdBy>HoddieMelo</createdBy>
<createdTime>2017-11-01 13:45:06 UTC</createdTime>
<ownerDesignName>Revised Model2</ownerDesignName>
<engineerTo>
<item key="159220C1-785C-73E3-A8E6-B55ED516DE0F" value="true"/>
</engineerTo>
<nullsAllowed>true</nullsAllowed>
<useDomainConstraints>false</useDomainConstraints>
<use>1</use>
<logicalDatatype>LOGDT025</logicalDatatype>
<dataTypeSize>10 CHAR</dataTypeSize>
<ownDataTypeParameters>10 CHAR,,</ownDataTypeParameters>
</Attribute>
<Attribute name="DriverSexD" id="37D0909D-6D38-0100-0B9E-BA30439E0E61">
<createdBy>HoddieMelo</createdBy>
<createdTime>2017-11-01 13:45:21 UTC</createdTime>
<ownerDesignName>Revised Model2</ownerDesignName>
<engineerTo>
<item key="159220C1-785C-73E3-A8E6-B55ED516DE0F" value="true"/>
</engineerTo>
<nullsAllowed>true</nullsAllowed>
<useDomainConstraints>false</useDomainConstraints>
<use>1</use>
<logicalDatatype>LOGDT033</logicalDatatype>
<ownDataTypeParameters>,,</ownDataTypeParameters>
</Attribute>
<Attribute name="AgentID" id="B2DBD7B3-72DC-8615-1863-635C7B729D3C">
<createdBy>HoddieMelo</createdBy>
<createdTime>2017-11-01 13:56:53 UTC</createdTime>
<generatorID>242BB873-73C5-97BA-7CE6-67C2272343D7</generatorID>
<ownerDesignName>Revised Model2</ownerDesignName>
<engineerTo>
<item key="159220C1-785C-73E3-A8E6-B55ED516DE0F" value="true"/>
</engineerTo>
<referedAttribute>4BCA7945-DA7F-AD05-6F18-A0A8F9EB5A04</referedAttribute>
<useDomainConstraints>false</useDomainConstraints>
<use>1</use>
<logicalDatatype>LOGDT019</logicalDatatype>
<dataTypePrecision>5</dataTypePrecision>
<ownDataTypeParameters>,5,</ownDataTypeParameters>
</Attribute>
</attributes>
<identifiers itemClass="oracle.dbtools.crest.model.design.logical.CandidateKey">
<identifier id="F7042975-83B4-288C-2A34-A293D2F97F06" name="CLIENT PK">
<createdBy>HoddieMelo</createdBy>
<createdTime>2017-11-01 13:41:03 UTC</createdTime>
<ownerDesignName>Revised Model2</ownerDesignName>
<shouldEngineer>false</shouldEngineer>
<engineerTo>
<item key="159220C1-785C-73E3-A8E6-B55ED516DE0F" value="false"/>
</engineerTo>
<pk>true</pk>
<usedAttributes>
<attributeRef>4A42542C-FBD1-E4A6-0700-1ABA091C5870</attributeRef>
</usedAttributes>
</identifier>
</identifiers>
</Entity>