<?xml version = '1.0' encoding = 'UTF-8'?>
<Entity class="oracle.dbtools.crest.model.design.logical.Entity" directorySegmentName="seg_0" id="EE485780-FD63-F526-A48E-3CC250BDE0C9" name="PAYMENT">
<createdBy>HoddieMelo</createdBy>
<createdTime>2017-11-01 13:53:11 UTC</createdTime>
<ownerDesignName>Revised Model2</ownerDesignName>
<engineerTo>
<item key="159220C1-785C-73E3-A8E6-B55ED516DE0F" value="true"/>
</engineerTo>
<adequatelyNormalized>NO</adequatelyNormalized>
<expectedVolumes>0</expectedVolumes>
<fwdEngineeringStrategyName>Single Table</fwdEngineeringStrategyName>
<growthPercent>0</growthPercent>
<growthType>Year</growthType>
<maxVolumes>9999999</maxVolumes>
<minVolumes>0</minVolumes>
<normalForm>Third</normalForm>
<attributes itemClass="oracle.dbtools.crest.model.design.logical.Attribute">
<Attribute name="PaymentNo" id="ACF12FAC-8F62-0018-EB22-84E0E6065232">
<createdBy>HoddieMelo</createdBy>
<createdTime>2017-11-01 13:53:17 UTC</createdTime>
<ownerDesignName>Revised Model2</ownerDesignName>
<engineerTo>
<item key="159220C1-785C-73E3-A8E6-B55ED516DE0F" value="true"/>
</engineerTo>
<useDomainConstraints>false</useDomainConstraints>
<use>1</use>
<logicalDatatype>LOGDT019</logicalDatatype>
<dataTypePrecision>5</dataTypePrecision>
<ownDataTypeParameters>,5,</ownDataTypeParameters>
</Attribute>
<Attribute name="PaymentAmount" id="3E007469-C199-01E4-905E-4296D5FED82E">
<createdBy>HoddieMelo</createdBy>
<createdTime>2017-11-01 13:53:35 UTC</createdTime>
<ownerDesignName>Revised Model2</ownerDesignName>
<engineerTo>
<item key="159220C1-785C-73E3-A8E6-B55ED516DE0F" value="true"/>
</engineerTo>
<nullsAllowed>true</nullsAllowed>
<useDomainConstraints>false</useDomainConstraints>
<use>1</use>
<logicalDatatype>LOGDT043</logicalDatatype>
<dataTypePrecision>10</dataTypePrecision>
<ownDataTypeParameters>,10,</ownDataTypeParameters>
</Attribute>
<Attribute name="PaymentDate" id="95E04BB3-3C52-1644-5448-556125F63384">
<createdBy>HoddieMelo</createdBy>
<createdTime>2017-11-01 13:53:56 UTC</createdTime>
<ownerDesignName>Revised Model2</ownerDesignName>
<engineerTo>
<item key="159220C1-785C-73E3-A8E6-B55ED516DE0F" value="true"/>
</engineerTo>
<nullsAllowed>true</nullsAllowed>
<useDomainConstraints>false</useDomainConstraints>
<use>1</use>
<logicalDatatype>LOGDT007</logicalDatatype>
<ownDataTypeParameters>,,</ownDataTypeParameters>
</Attribute>
<Attribute name="PaymenPolicyType" id="AE90AEB6-E4E8-DBD8-1D0A-56E1F2FE83C0">
<createdBy>HoddieMelo</createdBy>
<createdTime>2017-11-01 13:54:09 UTC</createdTime>
<ownerDesignName>Revised Model2</ownerDesignName>
<engineerTo>
<item key="159220C1-785C-73E3-A8E6-B55ED516DE0F" value="true"/>
</engineerTo>
<nullsAllowed>true</nullsAllowed>
<useDomainConstraints>false</useDomainConstraints>
<use>1</use>
<logicalDatatype>LOGDT033</logicalDatatype>
<ownDataTypeParameters>,,</ownDataTypeParameters>
</Attribute>
<Attribute name="PaymentType" id="87287401-B379-FC1B-C04B-B228BB7F69F9">
<createdBy>HoddieMelo</createdBy>
<createdTime>2017-11-01 13:54:24 UTC</createdTime>
<ownerDesignName>Revised Model2</ownerDesignName>
<engineerTo>
<item key="159220C1-785C-73E3-A8E6-B55ED516DE0F" value="true"/>
</engineerTo>
<nullsAllowed>true</nullsAllowed>
<useDomainConstraints>false</useDomainConstraints>
<use>1</use>
<logicalDatatype>LOGDT025</logicalDatatype>
<dataTypeSize>3 CHAR</dataTypeSize>
<ownDataTypeParameters>3 CHAR,,</ownDataTypeParameters>
</Attribute>
<Attribute name="ClientID" id="0B42ED18-A19A-DE9A-4432-5D3CA2B7A7E6">
<createdBy>HoddieMelo</createdBy>
<createdTime>2017-11-01 14:07:11 UTC</createdTime>
<generatorID>335733A6-BCC7-4A79-76C7-D3EA107176BB</generatorID>
<ownerDesignName>Revised Model2</ownerDesignName>
<engineerTo>
<item key="159220C1-785C-73E3-A8E6-B55ED516DE0F" value="true"/>
</engineerTo>
<referedAttribute>4A42542C-FBD1-E4A6-0700-1ABA091C5870</referedAttribute>
<useDomainConstraints>false</useDomainConstraints>
<use>1</use>
<logicalDatatype>LOGDT019</logicalDatatype>
<dataTypePrecision>5</dataTypePrecision>
<ownDataTypeParameters>,5,</ownDataTypeParameters>
</Attribute>
</attributes>
<identifiers itemClass="oracle.dbtools.crest.model.design.logical.CandidateKey">
<identifier id="89F9FC04-B77E-3DFF-A24E-59D14C28EB2B" name="PAYMENT PK">
<createdBy>HoddieMelo</createdBy>
<createdTime>2017-11-01 13:53:32 UTC</createdTime>
<ownerDesignName>Revised Model2</ownerDesignName>
<shouldEngineer>false</shouldEngineer>
<engineerTo>
<item key="159220C1-785C-73E3-A8E6-B55ED516DE0F" value="false"/>
</engineerTo>
<pk>true</pk>
<usedAttributes>
<attributeRef>ACF12FAC-8F62-0018-EB22-84E0E6065232</attributeRef>
</usedAttributes>
</identifier>
</identifiers>
</Entity>