<?xml version = '1.0' encoding = 'UTF-8'?>
<Table class="oracle.dbtools.crest.model.design.relational.Table" directorySegmentName="seg_0" id="077D2AFA-CB5B-0BC4-1F39-F016101B7891" name="INVOICE">
<createdBy>mashu</createdBy>
<createdTime>2017-11-07 19:33:55 UTC</createdTime>
<generatorID>644F95D4-13F4-A735-10EA-F9AEB1E68407</generatorID>
<ownerDesignName>Revised Model2</ownerDesignName>
<allowColumnReorder>false</allowColumnReorder>
<existDependencyGenerateInDDl>true</existDependencyGenerateInDDl>
<parsed>true</parsed>
<columns itemClass="oracle.dbtools.crest.model.design.relational.Column">
<Column name="InvoiceNo" id="6205943B-2D35-C8FD-C090-85B60E5B740B">
<createdBy>mashu</createdBy>
<createdTime>2017-11-07 19:33:55 UTC</createdTime>
<generatorID>92990271-CA13-92E5-B418-B2839C42FE2B</generatorID>
<ownerDesignName>Revised Model2</ownerDesignName>
<useDomainConstraints>false</useDomainConstraints>
<use>1</use>
<logicalDatatype>LOGDT019</logicalDatatype>
<dataTypePrecision>5</dataTypePrecision>
<ownDataTypeParameters>,5,</ownDataTypeParameters>
<autoIncrementCycle>false</autoIncrementCycle>
</Column>
<Column name="InvoiceAmountDue" id="B8949D3F-B5FC-02A4-75E6-8BC795448F28">
<createdBy>mashu</createdBy>
<createdTime>2017-11-07 19:33:55 UTC</createdTime>
<generatorID>1EF98A38-A641-22B9-63F0-F8A872AAAD5C</generatorID>
<ownerDesignName>Revised Model2</ownerDesignName>
<nullsAllowed>true</nullsAllowed>
<useDomainConstraints>false</useDomainConstraints>
<use>1</use>
<logicalDatatype>LOGDT043</logicalDatatype>
<dataTypePrecision>10</dataTypePrecision>
<ownDataTypeParameters>,10,</ownDataTypeParameters>
<autoIncrementCycle>false</autoIncrementCycle>
</Column>
<Column name="InvoiceDate" id="441BAA5A-B2F3-EAB7-A89D-113BB5071A75">
<createdBy>mashu</createdBy>
<createdTime>2017-11-07 19:33:55 UTC</createdTime>
<generatorID>EA709872-407B-3C1F-8D63-A9B86FA85890</generatorID>
<ownerDesignName>Revised Model2</ownerDesignName>
<nullsAllowed>true</nullsAllowed>
<useDomainConstraints>false</useDomainConstraints>
<use>1</use>
<logicalDatatype>LOGDT007</logicalDatatype>
<ownDataTypeParameters>,,</ownDataTypeParameters>
<autoIncrementCycle>false</autoIncrementCycle>
</Column>
<Column name="InvoiceDueDate" id="39DEFDAB-A812-9431-EE15-898D2F9EF1F0">
<createdBy>mashu</createdBy>
<createdTime>2017-11-07 19:33:55 UTC</createdTime>
<generatorID>6A2BF9F5-D512-3104-A5CF-B732AD29B311</generatorID>
<ownerDesignName>Revised Model2</ownerDesignName>
<nullsAllowed>true</nullsAllowed>
<useDomainConstraints>false</useDomainConstraints>
<use>1</use>
<logicalDatatype>LOGDT007</logicalDatatype>
<ownDataTypeParameters>,,</ownDataTypeParameters>
<autoIncrementCycle>false</autoIncrementCycle>
</Column>
<Column name="InvoicePolicyType" id="EC3BC91F-2642-1C73-0628-D2E247E65E79">
<createdBy>mashu</createdBy>
<createdTime>2017-11-07 19:33:55 UTC</createdTime>
<generatorID>A5E43CD1-D262-241B-0045-58547E405EC0</generatorID>
<ownerDesignName>Revised Model2</ownerDesignName>
<nullsAllowed>true</nullsAllowed>
<useDomainConstraints>false</useDomainConstraints>
<use>1</use>
<logicalDatatype>LOGDT033</logicalDatatype>
<ownDataTypeParameters>,,</ownDataTypeParameters>
<autoIncrementCycle>false</autoIncrementCycle>
</Column>
<Column name="CLIENT_ClientID" id="E1890B3C-F9E4-2B12-57D0-BCB879F4C761">
<createdBy>mashu</createdBy>
<createdTime>2017-11-07 19:33:55 UTC</createdTime>
<generatorID>3CB5E2CE-B25A-9615-D0E5-DD54976262C8</generatorID>
<ownerDesignName>Revised Model2</ownerDesignName>
<useDomainConstraints>false</useDomainConstraints>
<use>1</use>
<logicalDatatype>LOGDT019</logicalDatatype>
<dataTypePrecision>5</dataTypePrecision>
<ownDataTypeParameters>,5,</ownDataTypeParameters>
<previousColumn>false</previousColumn>
<autoIncrementCycle>false</autoIncrementCycle>
<associations>
<colAssociation fkAssociation="62CEA87C-F6C9-9AE0-62F1-CDEB60DE5427" referredColumn="76194154-9B69-0AB0-44AE-99F889B2A4F3"/>
</associations>
</Column>
<Column name="PAYMENT_PaymentNo" id="C8C2941B-A1C4-D6E4-D453-3EF33CBA813B">
<createdBy>mashu</createdBy>
<createdTime>2017-11-07 19:33:55 UTC</createdTime>
<generatorID>7FE6A684-5802-C6E2-0271-5164A4B45948</generatorID>
<ownerDesignName>Revised Model2</ownerDesignName>
<useDomainConstraints>false</useDomainConstraints>
<use>1</use>
<logicalDatatype>LOGDT019</logicalDatatype>
<dataTypePrecision>5</dataTypePrecision>
<ownDataTypeParameters>,5,</ownDataTypeParameters>
<previousColumn>false</previousColumn>
<autoIncrementCycle>false</autoIncrementCycle>
<associations>
<colAssociation fkAssociation="8DC8258E-24AB-6C8A-D3BA-F8BFE5A5C933" referredColumn="F6185F17-647E-58DC-BC4A-3D6C4DD46701"/>
</associations>
</Column>
<Column name="LIFEPOLICY_LifePolicyNo" id="9F78BE54-8C73-7071-2FCE-EB0AB3DD62C9">
<createdBy>mashu</createdBy>
<createdTime>2017-11-07 19:33:55 UTC</createdTime>
<generatorID>403288DC-C45F-9F56-CA2F-50C66F6DB6A6</generatorID>
<ownerDesignName>Revised Model2</ownerDesignName>
<useDomainConstraints>false</useDomainConstraints>
<use>1</use>
<logicalDatatype>LOGDT019</logicalDatatype>
<dataTypePrecision>5</dataTypePrecision>
<ownDataTypeParameters>,5,</ownDataTypeParameters>
<previousColumn>false</previousColumn>
<autoIncrementCycle>false</autoIncrementCycle>
<associations>
<colAssociation fkAssociation="386F9722-52CC-9560-38DE-72909C23B3E2" referredColumn="2BA40561-CA39-80DB-DC16-CB22172B19EB"/>
</associations>
</Column>
<Column name="AUTOPOLICY_AutoPolicyNo" id="4CAD6D60-4271-F0A8-3958-629B3405C94E">
<createdBy>mashu</createdBy>
<createdTime>2017-11-07 19:33:55 UTC</createdTime>
<generatorID>E567325E-1A43-C20B-806A-4E663647A2FC</generatorID>
<ownerDesignName>Revised Model2</ownerDesignName>
<useDomainConstraints>false</useDomainConstraints>
<use>1</use>
<logicalDatatype>LOGDT019</logicalDatatype>
<dataTypePrecision>5</dataTypePrecision>
<ownDataTypeParameters>,5,</ownDataTypeParameters>
<previousColumn>false</previousColumn>
<autoIncrementCycle>false</autoIncrementCycle>
<associations>
<colAssociation fkAssociation="96322719-EB08-65AB-A46D-F2ABEC8D5BDE" referredColumn="4042CA7F-3160-0A8C-23CC-9B58C1BF6416"/>
</associations>
</Column>
<Column name="InsuranceCoAdd" id="ED088FCD-A762-E3E2-9031-B56B2AEDFF6A">
<createdBy>mashu</createdBy>
<createdTime>2017-11-07 19:33:55 UTC</createdTime>
<generatorID>AB4549BB-E87D-06CC-3F19-3F8F00742F62</generatorID>
<ownerDesignName>Revised Model2</ownerDesignName>
<nullsAllowed>true</nullsAllowed>
<useDomainConstraints>false</useDomainConstraints>
<use>1</use>
<logicalDatatype>LOGDT025</logicalDatatype>
<dataTypeSize>30</dataTypeSize>
<ownDataTypeParameters>30,,</ownDataTypeParameters>
<autoIncrementCycle>false</autoIncrementCycle>
</Column>
<Column name="InsuranceCoName" id="40631EB5-6D77-718C-1FA4-D29FF1C45F49">
<createdBy>mashu</createdBy>
<createdTime>2017-11-07 19:33:55 UTC</createdTime>
<generatorID>9872D00F-5F27-C0D6-BA4F-5C02F2B4A519</generatorID>
<ownerDesignName>Revised Model2</ownerDesignName>
<nullsAllowed>true</nullsAllowed>
<useDomainConstraints>false</useDomainConstraints>
<use>1</use>
<logicalDatatype>LOGDT025</logicalDatatype>
<dataTypeSize>20</dataTypeSize>
<ownDataTypeParameters>20,,</ownDataTypeParameters>
<autoIncrementCycle>false</autoIncrementCycle>
</Column>
<Column name="InsuranceCoPhone" id="FFB580D2-BE7E-61E7-0DAE-6F9E5ACE0A3D">
<createdBy>mashu</createdBy>
<createdTime>2017-11-07 19:33:55 UTC</createdTime>
<generatorID>9E8DDE17-12DB-0D52-EC67-FF840DA80D11</generatorID>
<ownerDesignName>Revised Model2</ownerDesignName>
<nullsAllowed>true</nullsAllowed>
<useDomainConstraints>false</useDomainConstraints>
<use>1</use>
<logicalDatatype>LOGDT019</logicalDatatype>
<dataTypePrecision>10</dataTypePrecision>
<dataTypeScale>10</dataTypeScale>
<ownDataTypeParameters>,10,10</ownDataTypeParameters>
<autoIncrementCycle>false</autoIncrementCycle>
</Column>
<Column name="LIFEPOLICY_CLIENT_ClientID" id="FB707AB4-0395-6A58-F7DC-40EAABF3CF49">
<createdBy>mashu</createdBy>
<createdTime>2017-11-07 19:33:55 UTC</createdTime>
<generatorID>C04978C8-A830-35C1-728C-B90E32C2E1C2</generatorID>
<ownerDesignName>Revised Model2</ownerDesignName>
<useDomainConstraints>false</useDomainConstraints>
<use>1</use>
<logicalDatatype>LOGDT019</logicalDatatype>
<dataTypePrecision>5</dataTypePrecision>
<ownDataTypeParameters>,5,</ownDataTypeParameters>
<previousColumn>false</previousColumn>
<autoIncrementCycle>false</autoIncrementCycle>
<associations>
<colAssociation fkAssociation="386F9722-52CC-9560-38DE-72909C23B3E2" referredColumn="1160D3AA-90C1-A829-DEAE-CD00C7BFC4A8"/>
</associations>
</Column>
</columns>
<indexes itemClass="oracle.dbtools.crest.model.design.relational.Index">
<ind_PK_UK id="A6F217F4-7902-EB7D-4018-63A630CC1B22" name="INVOICE_PK">
<createdBy>mashu</createdBy>
<createdTime>2017-11-07 19:33:55 UTC</createdTime>
<generatorID>C25A12A0-67CF-448A-FDDB-FA74B55B8B38</generatorID>
<ownerDesignName>Revised Model2</ownerDesignName>
<pk>true</pk>
<indexState>Primary Constraint</indexState>
<isSurrogateKey>false</isSurrogateKey>
<indexColumnUsage>
<colUsage columnID="6205943B-2D35-C8FD-C090-85B60E5B740B"/>
</indexColumnUsage>
</ind_PK_UK>
<ind_PK_UK id="8541D5F3-C2FF-7D7E-CFFA-6E1F97A96846" name="INVOICE__IDX">
<createdBy>mashu</createdBy>
<createdTime>2017-11-07 19:33:55 UTC</createdTime>
<ownerDesignName>Revised Model2</ownerDesignName>
<indexState>Unique Plain Index</indexState>
<isSurrogateKey>false</isSurrogateKey>
<relationGeneratorID>8D78F37B-1ACA-9061-E2C2-AE21F8F2DF75</relationGeneratorID>
<indexColumnUsage>
<colUsage columnID="C8C2941B-A1C4-D6E4-D453-3EF33CBA813B"/>
</indexColumnUsage>
</ind_PK_UK>
<ind_PK_UK id="8775468E-BAD3-E103-6EE6-7E113CD4751A" name="INVOICE_CLIENT_FK">
<createdBy>mashu</createdBy>
<createdTime>2017-11-07 19:33:55 UTC</createdTime>
<generatorID>9670257B-202A-E8B7-832D-2AF7455316CD</generatorID>
<ownerDesignName>Revised Model2</ownerDesignName>
<indexState>Foreign Key</indexState>
<isSurrogateKey>false</isSurrogateKey>
<indexColumnUsage>
<colUsage columnID="E1890B3C-F9E4-2B12-57D0-BCB879F4C761"/>
</indexColumnUsage>
</ind_PK_UK>
<ind_PK_UK id="8B800995-5444-E9B4-9F9E-475C3614E1D3" name="INVOICE_PAYMENT_FK">
<createdBy>mashu</createdBy>
<createdTime>2017-11-07 19:33:55 UTC</createdTime>
<generatorID>8D78F37B-1ACA-9061-E2C2-AE21F8F2DF75</generatorID>
<ownerDesignName>Revised Model2</ownerDesignName>
<indexState>Foreign Key</indexState>
<isSurrogateKey>false</isSurrogateKey>
<indexColumnUsage>
<colUsage columnID="C8C2941B-A1C4-D6E4-D453-3EF33CBA813B"/>
</indexColumnUsage>
</ind_PK_UK>
<ind_PK_UK id="00173619-DBA6-E8CC-FBD5-9D22EA69E254" name="INVOICE_LIFEPOLICY_FK">
<createdBy>mashu</createdBy>
<createdTime>2017-11-07 19:33:55 UTC</createdTime>
<generatorID>8C741241-9A34-E9CE-9B72-C1FBC1E62737</generatorID>
<ownerDesignName>Revised Model2</ownerDesignName>
<indexState>Foreign Key</indexState>
<isSurrogateKey>false</isSurrogateKey>
<indexColumnUsage>
<colUsage columnID="9F78BE54-8C73-7071-2FCE-EB0AB3DD62C9"/>
<colUsage columnID="FB707AB4-0395-6A58-F7DC-40EAABF3CF49"/>
</indexColumnUsage>
</ind_PK_UK>
<ind_PK_UK id="76938455-FC0A-05F8-CB1A-269AF09140FC" name="INVOICE_AUTOPOLICY_FK">
<createdBy>mashu</createdBy>
<createdTime>2017-11-07 19:33:55 UTC</createdTime>
<generatorID>DF500BA6-92E6-985B-B33C-903B77121AD3</generatorID>
<ownerDesignName>Revised Model2</ownerDesignName>
<indexState>Foreign Key</indexState>
<isSurrogateKey>false</isSurrogateKey>
<indexColumnUsage>
<colUsage columnID="4CAD6D60-4271-F0A8-3958-629B3405C94E"/>
</indexColumnUsage>
</ind_PK_UK>
</indexes>
</Table>