<?xml version = '1.0' encoding = 'UTF-8'?>
<Table class="oracle.dbtools.crest.model.design.relational.Table" directorySegmentName="seg_0" id="24F6DCA5-47F4-29D7-8FA9-16549D580070" name="AGENT_LIFEPOLICY">
<createdBy>mashu</createdBy>
<createdTime>2017-11-07 19:39:12 UTC</createdTime>
<ownerDesignName>Revised Model2</ownerDesignName>
<ordsAlias>table_20</ordsAlias>
<allowColumnReorder>false</allowColumnReorder>
<existDependencyGenerateInDDl>true</existDependencyGenerateInDDl>
<parsed>true</parsed>
<columns itemClass="oracle.dbtools.crest.model.design.relational.Column">
<Column name="LifePolicyNo" id="38D16B01-E73D-9E25-3DDF-E33E3481A681">
<createdBy>mashu</createdBy>
<createdTime>2017-11-07 19:41:00 UTC</createdTime>
<ownerDesignName>Revised Model2</ownerDesignName>
<useDomainConstraints>false</useDomainConstraints>
<use>1</use>
<logicalDatatype>LOGDT019</logicalDatatype>
<dataTypePrecision>5</dataTypePrecision>
<ownDataTypeParameters>,5,</ownDataTypeParameters>
<autoIncrementCycle>false</autoIncrementCycle>
</Column>
<Column name="LifeTotalAnnualPremiumD" id="65FD6DD3-B2C3-0772-2DE4-DA12D40595A8">
<createdBy>mashu</createdBy>
<createdTime>2017-11-07 19:42:12 UTC</createdTime>
<ownerDesignName>Revised Model2</ownerDesignName>
<nullsAllowed>true</nullsAllowed>
<useDomainConstraints>false</useDomainConstraints>
<use>1</use>
<logicalDatatype>LOGDT043</logicalDatatype>
<dataTypePrecision>6</dataTypePrecision>
<ownDataTypeParameters>,6,</ownDataTypeParameters>
<autoIncrementCycle>false</autoIncrementCycle>
</Column>
<Column name="LifeTotalAnnualCommissionD" id="2D4670A8-5A1B-BAF0-A7F1-DF488C0CCFE4">
<createdBy>mashu</createdBy>
<createdTime>2017-11-07 19:42:28 UTC</createdTime>
<ownerDesignName>Revised Model2</ownerDesignName>
<nullsAllowed>true</nullsAllowed>
<useDomainConstraints>false</useDomainConstraints>
<use>1</use>
<logicalDatatype>LOGDT043</logicalDatatype>
<dataTypePrecision>6</dataTypePrecision>
<ownDataTypeParameters>,6,</ownDataTypeParameters>
<autoIncrementCycle>false</autoIncrementCycle>
</Column>
<Column name="LifeTotalPoliciesD" id="ACC44AFC-B5B2-14F2-4C7A-EB6B9493A1F9">
<createdBy>mashu</createdBy>
<createdTime>2017-11-07 19:42:28 UTC</createdTime>
<ownerDesignName>Revised Model2</ownerDesignName>
<nullsAllowed>true</nullsAllowed>
<useDomainConstraints>false</useDomainConstraints>
<use>1</use>
<logicalDatatype>LOGDT019</logicalDatatype>
<dataTypePrecision>3</dataTypePrecision>
<ownDataTypeParameters>,3,</ownDataTypeParameters>
<autoIncrementCycle>false</autoIncrementCycle>
</Column>
<Column name="AGENT_AgentID" id="EB414CAB-1EB9-4FEB-B915-B1145B662166">
<createdBy>mashu</createdBy>
<createdTime>2017-11-07 19:45:36 UTC</createdTime>
<ownerDesignName>Revised Model2</ownerDesignName>
<useDomainConstraints>false</useDomainConstraints>
<use>1</use>
<logicalDatatype>LOGDT019</logicalDatatype>
<dataTypePrecision>5</dataTypePrecision>
<ownDataTypeParameters>,5,</ownDataTypeParameters>
<previousColumn>false</previousColumn>
<autoIncrementCycle>false</autoIncrementCycle>
<associations>
<colAssociation fkAssociation="B086D82B-25B7-D118-6CD8-D659F89F2C21" referredColumn="8DE867F3-F483-836E-41A4-38D6674B4ADB"/>
</associations>
</Column>
</columns>
<indexes itemClass="oracle.dbtools.crest.model.design.relational.Index">
<ind_PK_UK id="6E696DE7-C090-B4BC-2350-AB36883A67A1" name="AGENT_LIFEPOLICY_PK">
<createdBy>mashu</createdBy>
<createdTime>2017-11-07 19:41:00 UTC</createdTime>
<ownerDesignName>Revised Model2</ownerDesignName>
<pk>true</pk>
<indexState>Primary Constraint</indexState>
<isSurrogateKey>false</isSurrogateKey>
<indexColumnUsage>
<colUsage columnID="38D16B01-E73D-9E25-3DDF-E33E3481A681"/>
</indexColumnUsage>
</ind_PK_UK>
<ind_PK_UK id="C78DA803-7C64-5CE7-C127-93209D542151" name="AGENT_LIFEPOLICY_AGENT_FK">
<createdBy>mashu</createdBy>
<createdTime>2017-11-07 19:45:36 UTC</createdTime>
<generatorID>99DCEE61-CB3D-3EA2-1073-76CBD77EF88F</generatorID>
<ownerDesignName>Revised Model2</ownerDesignName>
<indexState>Foreign Key</indexState>
<isSurrogateKey>false</isSurrogateKey>
<indexColumnUsage>
<colUsage columnID="EB414CAB-1EB9-4FEB-B915-B1145B662166"/>
</indexColumnUsage>
</ind_PK_UK>
</indexes>
</Table>