<?xml version = '1.0' encoding = 'UTF-8'?>
<Table class="oracle.dbtools.crest.model.design.relational.Table" directorySegmentName="seg_0" id="2CCED268-E2B8-CE63-3B97-1131DBDCD950" name="AGENT">
<createdBy>mashu</createdBy>
<createdTime>2017-11-07 19:33:55 UTC</createdTime>
<generatorID>93AF0A9C-BDB6-E4B3-5475-DAA65B8FE40D</generatorID>
<ownerDesignName>Revised Model2</ownerDesignName>
<allowColumnReorder>false</allowColumnReorder>
<existDependencyGenerateInDDl>true</existDependencyGenerateInDDl>
<parsed>true</parsed>
<columns itemClass="oracle.dbtools.crest.model.design.relational.Column">
<Column name="AgentID" id="8DE867F3-F483-836E-41A4-38D6674B4ADB">
<createdBy>mashu</createdBy>
<createdTime>2017-11-07 19:33:55 UTC</createdTime>
<generatorID>4BCA7945-DA7F-AD05-6F18-A0A8F9EB5A04</generatorID>
<ownerDesignName>Revised Model2</ownerDesignName>
<useDomainConstraints>false</useDomainConstraints>
<use>1</use>
<logicalDatatype>LOGDT019</logicalDatatype>
<dataTypePrecision>5</dataTypePrecision>
<ownDataTypeParameters>,5,</ownDataTypeParameters>
<autoIncrementCycle>false</autoIncrementCycle>
</Column>
<Column name="AgentName" id="F017BB63-9662-9E9E-07E3-35EA65699D01">
<createdBy>mashu</createdBy>
<createdTime>2017-11-07 19:33:55 UTC</createdTime>
<generatorID>E8154A68-3D09-D9EF-030B-59CB0FD64D67</generatorID>
<ownerDesignName>Revised Model2</ownerDesignName>
<nullsAllowed>true</nullsAllowed>
<useDomainConstraints>false</useDomainConstraints>
<use>1</use>
<logicalDatatype>LOGDT025</logicalDatatype>
<dataTypeSize>10 CHAR</dataTypeSize>
<ownDataTypeParameters>10 CHAR,,</ownDataTypeParameters>
<autoIncrementCycle>false</autoIncrementCycle>
</Column>
</columns>
<indexes itemClass="oracle.dbtools.crest.model.design.relational.Index">
<ind_PK_UK id="C3D36981-93A0-3889-EF3C-19E64118F9AC" name="AGENT_PK">
<createdBy>mashu</createdBy>
<createdTime>2017-11-07 19:33:55 UTC</createdTime>
<generatorID>99DCEE61-CB3D-3EA2-1073-76CBD77EF88F</generatorID>
<ownerDesignName>Revised Model2</ownerDesignName>
<pk>true</pk>
<indexState>Primary Constraint</indexState>
<isSurrogateKey>false</isSurrogateKey>
<indexColumnUsage>
<colUsage columnID="8DE867F3-F483-836E-41A4-38D6674B4ADB"/>
</indexColumnUsage>
</ind_PK_UK>
</indexes>
</Table>