<?xml version = '1.0' encoding = 'UTF-8'?>
<Table class="oracle.dbtools.crest.model.design.relational.Table" directorySegmentName="seg_0" id="552D0A5F-7515-EF0B-A73E-57BDAA5ACCC2" name="CLAIM">
<createdBy>mashu</createdBy>
<createdTime>2017-11-07 19:33:55 UTC</createdTime>
<generatorID>489E268F-575A-D9AC-6723-6FD8DA39C6DA</generatorID>
<ownerDesignName>Revised Model2</ownerDesignName>
<allowColumnReorder>false</allowColumnReorder>
<existDependencyGenerateInDDl>true</existDependencyGenerateInDDl>
<parsed>true</parsed>
<columns itemClass="oracle.dbtools.crest.model.design.relational.Column">
<Column name="InsuranceClaimNo" id="1D25460B-2CEB-9979-AD30-F275F23C3DC3">
<createdBy>mashu</createdBy>
<createdTime>2017-11-07 19:33:55 UTC</createdTime>
<generatorID>5CAB177F-7A95-67C9-E3F6-117430239CC1</generatorID>
<ownerDesignName>Revised Model2</ownerDesignName>
<useDomainConstraints>false</useDomainConstraints>
<use>1</use>
<logicalDatatype>LOGDT019</logicalDatatype>
<dataTypePrecision>5</dataTypePrecision>
<ownDataTypeParameters>,5,</ownDataTypeParameters>
<autoIncrementCycle>false</autoIncrementCycle>
</Column>
<Column name="InsuranceClaimAmount" id="0139AD0B-D87E-4432-28E2-9A01D7F6DD73">
<createdBy>mashu</createdBy>
<createdTime>2017-11-07 19:33:55 UTC</createdTime>
<generatorID>E8714E27-CFE9-F969-8924-DE79D28D2A8F</generatorID>
<ownerDesignName>Revised Model2</ownerDesignName>
<nullsAllowed>true</nullsAllowed>
<useDomainConstraints>false</useDomainConstraints>
<use>1</use>
<logicalDatatype>LOGDT043</logicalDatatype>
<dataTypePrecision>10</dataTypePrecision>
<ownDataTypeParameters>,10,</ownDataTypeParameters>
<autoIncrementCycle>false</autoIncrementCycle>
</Column>
<Column name="InsuranceCliamDate" id="A54B4478-BCD9-91AB-5BB6-71538BA25B99">
<createdBy>mashu</createdBy>
<createdTime>2017-11-07 19:33:55 UTC</createdTime>
<generatorID>605E6266-6D87-9462-08D8-FA5A181475D9</generatorID>
<ownerDesignName>Revised Model2</ownerDesignName>
<nullsAllowed>true</nullsAllowed>
<useDomainConstraints>false</useDomainConstraints>
<use>1</use>
<logicalDatatype>LOGDT007</logicalDatatype>
<ownDataTypeParameters>,,</ownDataTypeParameters>
<autoIncrementCycle>false</autoIncrementCycle>
</Column>
<Column name="InsuranceClaimType" id="F8DFB2B6-E4DB-DD72-3D07-9E9673A611EA">
<createdBy>mashu</createdBy>
<createdTime>2017-11-07 19:33:55 UTC</createdTime>
<generatorID>487DC34E-F41A-EA44-A79A-4220FA1E9C9E</generatorID>
<ownerDesignName>Revised Model2</ownerDesignName>
<nullsAllowed>true</nullsAllowed>
<useDomainConstraints>false</useDomainConstraints>
<use>1</use>
<logicalDatatype>LOGDT025</logicalDatatype>
<dataTypeSize>3 CHAR</dataTypeSize>
<ownDataTypeParameters>3 CHAR,,</ownDataTypeParameters>
<autoIncrementCycle>false</autoIncrementCycle>
</Column>
<Column name="LIFEPOLICY_LifePolicyNo" id="D4AB517F-4FF5-F8F0-A1C6-4ED2B96F22B9">
<createdBy>mashu</createdBy>
<createdTime>2017-11-07 19:33:55 UTC</createdTime>
<generatorID>3F8C8A22-0DB6-512D-A288-05A645D4B497</generatorID>
<ownerDesignName>Revised Model2</ownerDesignName>
<useDomainConstraints>false</useDomainConstraints>
<use>1</use>
<logicalDatatype>LOGDT019</logicalDatatype>
<dataTypePrecision>5</dataTypePrecision>
<ownDataTypeParameters>,5,</ownDataTypeParameters>
<previousColumn>false</previousColumn>
<autoIncrementCycle>false</autoIncrementCycle>
<associations>
<colAssociation fkAssociation="E42B028B-6702-9B44-CCDE-056B536FEC8E" referredColumn="2BA40561-CA39-80DB-DC16-CB22172B19EB"/>
</associations>
</Column>
<Column name="AUTOPOLICY_AutoPolicyNo" id="E19FC82F-1DBC-9921-B1B5-BF89E235DC7B">
<createdBy>mashu</createdBy>
<createdTime>2017-11-07 19:33:55 UTC</createdTime>
<generatorID>121311F3-3368-DB30-1704-3DCAAE9E9616</generatorID>
<ownerDesignName>Revised Model2</ownerDesignName>
<useDomainConstraints>false</useDomainConstraints>
<use>1</use>
<logicalDatatype>LOGDT019</logicalDatatype>
<dataTypePrecision>5</dataTypePrecision>
<ownDataTypeParameters>,5,</ownDataTypeParameters>
<previousColumn>false</previousColumn>
<autoIncrementCycle>false</autoIncrementCycle>
<associations>
<colAssociation fkAssociation="BCF5CA21-E7DF-A668-3170-EA7EE2E12422" referredColumn="4042CA7F-3160-0A8C-23CC-9B58C1BF6416"/>
</associations>
</Column>
<Column name="LIFEPOLICY_CLIENT_ClientID" id="1D4671B6-A272-A1BB-51ED-5C2C184F2C13">
<createdBy>mashu</createdBy>
<createdTime>2017-11-07 19:33:55 UTC</createdTime>
<generatorID>7E0001D1-C22A-2D9F-CB25-F82C502C77AB</generatorID>
<ownerDesignName>Revised Model2</ownerDesignName>
<useDomainConstraints>false</useDomainConstraints>
<use>1</use>
<logicalDatatype>LOGDT019</logicalDatatype>
<dataTypePrecision>5</dataTypePrecision>
<ownDataTypeParameters>,5,</ownDataTypeParameters>
<previousColumn>false</previousColumn>
<autoIncrementCycle>false</autoIncrementCycle>
<associations>
<colAssociation fkAssociation="E42B028B-6702-9B44-CCDE-056B536FEC8E" referredColumn="1160D3AA-90C1-A829-DEAE-CD00C7BFC4A8"/>
</associations>
</Column>
</columns>
<indexes itemClass="oracle.dbtools.crest.model.design.relational.Index">
<ind_PK_UK id="94C10738-D77B-2F36-3CEE-544E2EF6D756" name="CLAIM_PK">
<createdBy>mashu</createdBy>
<createdTime>2017-11-07 19:33:55 UTC</createdTime>
<generatorID>BBD714B1-83A7-DF28-40E6-7B1726C619FB</generatorID>
<ownerDesignName>Revised Model2</ownerDesignName>
<pk>true</pk>
<indexState>Primary Constraint</indexState>
<isSurrogateKey>false</isSurrogateKey>
<indexColumnUsage>
<colUsage columnID="1D25460B-2CEB-9979-AD30-F275F23C3DC3"/>
</indexColumnUsage>
</ind_PK_UK>
<ind_PK_UK id="D398F13B-9681-2193-6C11-C1DFC8D258EE" name="CLAIM_AUTOPOLICY_FK">
<createdBy>mashu</createdBy>
<createdTime>2017-11-07 19:33:55 UTC</createdTime>
<generatorID>18B7FD79-544A-13DE-EF74-B05EE5BB9FC8</generatorID>
<ownerDesignName>Revised Model2</ownerDesignName>
<indexState>Foreign Key</indexState>
<isSurrogateKey>false</isSurrogateKey>
<indexColumnUsage>
<colUsage columnID="E19FC82F-1DBC-9921-B1B5-BF89E235DC7B"/>
</indexColumnUsage>
</ind_PK_UK>
<ind_PK_UK id="2499F4D6-C7A5-30F8-D8F3-6D23F282BBC7" name="CLAIM_LIFEPOLICY_FK">
<createdBy>mashu</createdBy>
<createdTime>2017-11-07 19:33:55 UTC</createdTime>
<generatorID>7CAC7425-3A9D-E171-F116-7B3612945950</generatorID>
<ownerDesignName>Revised Model2</ownerDesignName>
<indexState>Foreign Key</indexState>
<isSurrogateKey>false</isSurrogateKey>
<indexColumnUsage>
<colUsage columnID="D4AB517F-4FF5-F8F0-A1C6-4ED2B96F22B9"/>
<colUsage columnID="1D4671B6-A272-A1BB-51ED-5C2C184F2C13"/>
</indexColumnUsage>
</ind_PK_UK>
</indexes>
</Table>