<?xml version = '1.0' encoding = 'UTF-8'?>
<Table class="oracle.dbtools.crest.model.design.relational.Table" directorySegmentName="seg_0" id="775C54F0-86E3-8B18-D088-A8AEBA9A51EE" name="CLIENT_LIFEPOLICY">
<createdBy>mashu</createdBy>
<createdTime>2017-11-07 19:56:52 UTC</createdTime>
<ownerDesignName>Revised Model2</ownerDesignName>
<ordsAlias>table_24</ordsAlias>
<allowColumnReorder>false</allowColumnReorder>
<existDependencyGenerateInDDl>true</existDependencyGenerateInDDl>
<parsed>true</parsed>
<columns itemClass="oracle.dbtools.crest.model.design.relational.Column">
<Column name="LifePolicyNo" id="33D8F6A2-3ED1-E0A0-9050-A963772D3A16">
<createdBy>mashu</createdBy>
<createdTime>2017-11-07 19:57:50 UTC</createdTime>
<ownerDesignName>Revised Model2</ownerDesignName>
<useDomainConstraints>false</useDomainConstraints>
<use>1</use>
<logicalDatatype>LOGDT019</logicalDatatype>
<dataTypePrecision>5</dataTypePrecision>
<ownDataTypeParameters>,5,</ownDataTypeParameters>
<autoIncrementCycle>false</autoIncrementCycle>
</Column>
<Column name="DependentNameD" id="598EE558-FFF2-0931-071C-3E0B020422E1">
<createdBy>mashu</createdBy>
<createdTime>2017-11-07 19:58:45 UTC</createdTime>
<ownerDesignName>Revised Model2</ownerDesignName>
<nullsAllowed>true</nullsAllowed>
<useDomainConstraints>false</useDomainConstraints>
<use>1</use>
<logicalDatatype>LOGDT025</logicalDatatype>
<dataTypeSize>20 CHAR</dataTypeSize>
<ownDataTypeParameters>20 CHAR,,</ownDataTypeParameters>
<autoIncrementCycle>false</autoIncrementCycle>
</Column>
<Column name="CLIENT_ClientID" id="4F5A7951-CD02-257E-A05E-25795A016633">
<createdBy>mashu</createdBy>
<createdTime>2017-11-07 20:00:12 UTC</createdTime>
<ownerDesignName>Revised Model2</ownerDesignName>
<useDomainConstraints>false</useDomainConstraints>
<use>1</use>
<logicalDatatype>LOGDT019</logicalDatatype>
<dataTypePrecision>5</dataTypePrecision>
<ownDataTypeParameters>,5,</ownDataTypeParameters>
<previousColumn>false</previousColumn>
<autoIncrementCycle>false</autoIncrementCycle>
<associations>
<colAssociation fkAssociation="3651E596-3A72-3088-A391-EE8F924BE198" referredColumn="76194154-9B69-0AB0-44AE-99F889B2A4F3"/>
</associations>
</Column>
</columns>
<indexes itemClass="oracle.dbtools.crest.model.design.relational.Index">
<ind_PK_UK id="A184999C-448A-EDF1-B9B6-D4F28330D134" name="CLIENT_LIFEPOLICY_PK">
<createdBy>mashu</createdBy>
<createdTime>2017-11-07 19:59:46 UTC</createdTime>
<ownerDesignName>Revised Model2</ownerDesignName>
<pk>true</pk>
<indexState>Primary Constraint</indexState>
<isSurrogateKey>false</isSurrogateKey>
<indexColumnUsage>
<colUsage columnID="33D8F6A2-3ED1-E0A0-9050-A963772D3A16"/>
</indexColumnUsage>
</ind_PK_UK>
<ind_PK_UK id="E7CD0AAF-C7FD-A30F-89DB-5675EB3132B7" name="CLIENT_LIFEPOLICY_CLIENT_FK">
<createdBy>mashu</createdBy>
<createdTime>2017-11-07 20:00:12 UTC</createdTime>
<generatorID>F7042975-83B4-288C-2A34-A293D2F97F06</generatorID>
<ownerDesignName>Revised Model2</ownerDesignName>
<indexState>Foreign Key</indexState>
<isSurrogateKey>false</isSurrogateKey>
<indexColumnUsage>
<colUsage columnID="4F5A7951-CD02-257E-A05E-25795A016633"/>
</indexColumnUsage>
</ind_PK_UK>
</indexes>
</Table>