<?xml version = '1.0' encoding = 'UTF-8'?>
<Table class="oracle.dbtools.crest.model.design.relational.Table" directorySegmentName="seg_0" id="8BB4A78A-62B6-B3A6-184A-B34B668D58D2" name="AGENT_AUTOPOLICY">
<createdBy>mashu</createdBy>
<createdTime>2017-11-07 19:46:03 UTC</createdTime>
<ownerDesignName>Revised Model2</ownerDesignName>
<ordsAlias>table_21</ordsAlias>
<allowColumnReorder>false</allowColumnReorder>
<existDependencyGenerateInDDl>true</existDependencyGenerateInDDl>
<parsed>true</parsed>
<columns itemClass="oracle.dbtools.crest.model.design.relational.Column">
<Column name="AutoPolicyNo" id="C06BB1ED-9893-6ABF-75CF-58C536ECE4D9">
<createdBy>mashu</createdBy>
<createdTime>2017-11-07 19:46:45 UTC</createdTime>
<ownerDesignName>Revised Model2</ownerDesignName>
<useDomainConstraints>false</useDomainConstraints>
<use>1</use>
<logicalDatatype>LOGDT019</logicalDatatype>
<dataTypePrecision>5</dataTypePrecision>
<ownDataTypeParameters>,5,</ownDataTypeParameters>
<autoIncrementCycle>false</autoIncrementCycle>
</Column>
<Column name="AutoTotalAnnualCommissionD" id="37698ABE-2D1A-A1A5-5732-3FAE13C51926">
<createdBy>mashu</createdBy>
<createdTime>2017-11-07 19:47:35 UTC</createdTime>
<ownerDesignName>Revised Model2</ownerDesignName>
<nullsAllowed>true</nullsAllowed>
<useDomainConstraints>false</useDomainConstraints>
<use>1</use>
<logicalDatatype>LOGDT043</logicalDatatype>
<dataTypePrecision>6</dataTypePrecision>
<ownDataTypeParameters>,6,</ownDataTypeParameters>
<autoIncrementCycle>false</autoIncrementCycle>
</Column>
<Column name="AutoTotalAnnualPremiumD" id="F4C79450-18D0-42FD-A6D5-654775035FEA">
<createdBy>mashu</createdBy>
<createdTime>2017-11-07 19:47:51 UTC</createdTime>
<ownerDesignName>Revised Model2</ownerDesignName>
<nullsAllowed>true</nullsAllowed>
<useDomainConstraints>false</useDomainConstraints>
<use>1</use>
<logicalDatatype>LOGDT043</logicalDatatype>
<dataTypePrecision>6</dataTypePrecision>
<ownDataTypeParameters>,6,</ownDataTypeParameters>
<autoIncrementCycle>false</autoIncrementCycle>
</Column>
<Column name="AutoTotalPoliciesD" id="1D342C83-AEE1-0FE5-501B-C59EE738D802">
<createdBy>mashu</createdBy>
<createdTime>2017-11-07 19:48:25 UTC</createdTime>
<ownerDesignName>Revised Model2</ownerDesignName>
<nullsAllowed>true</nullsAllowed>
<useDomainConstraints>false</useDomainConstraints>
<use>1</use>
<logicalDatatype>LOGDT019</logicalDatatype>
<dataTypePrecision>3</dataTypePrecision>
<ownDataTypeParameters>,3,</ownDataTypeParameters>
<autoIncrementCycle>false</autoIncrementCycle>
</Column>
<Column name="AGENT_AgentID" id="B5267ECE-5A34-D255-00A6-96DC92C3E3FC">
<createdBy>mashu</createdBy>
<createdTime>2017-11-07 19:48:45 UTC</createdTime>
<ownerDesignName>Revised Model2</ownerDesignName>
<useDomainConstraints>false</useDomainConstraints>
<use>1</use>
<logicalDatatype>LOGDT019</logicalDatatype>
<dataTypePrecision>5</dataTypePrecision>
<ownDataTypeParameters>,5,</ownDataTypeParameters>
<previousColumn>false</previousColumn>
<autoIncrementCycle>false</autoIncrementCycle>
<associations>
<colAssociation fkAssociation="03DF2825-E330-4CD9-A0DC-D2FA336326FD" referredColumn="8DE867F3-F483-836E-41A4-38D6674B4ADB"/>
</associations>
</Column>
</columns>
<indexes itemClass="oracle.dbtools.crest.model.design.relational.Index">
<ind_PK_UK id="AF4A4E3A-72F9-A71D-D663-414024630CE0" name="AGENT_AUTOPOLICY_PK">
<createdBy>mashu</createdBy>
<createdTime>2017-11-07 19:46:45 UTC</createdTime>
<ownerDesignName>Revised Model2</ownerDesignName>
<pk>true</pk>
<indexState>Primary Constraint</indexState>
<isSurrogateKey>false</isSurrogateKey>
<indexColumnUsage>
<colUsage columnID="C06BB1ED-9893-6ABF-75CF-58C536ECE4D9"/>
</indexColumnUsage>
</ind_PK_UK>
<ind_PK_UK id="0ABBCAD4-5463-2FFD-A83A-21924CDE64A8" name="AGENT_AUTOPOLICY_AGENT_FK">
<createdBy>mashu</createdBy>
<createdTime>2017-11-07 19:48:45 UTC</createdTime>
<generatorID>99DCEE61-CB3D-3EA2-1073-76CBD77EF88F</generatorID>
<ownerDesignName>Revised Model2</ownerDesignName>
<indexState>Foreign Key</indexState>
<isSurrogateKey>false</isSurrogateKey>
<indexColumnUsage>
<colUsage columnID="B5267ECE-5A34-D255-00A6-96DC92C3E3FC"/>
</indexColumnUsage>
</ind_PK_UK>
</indexes>
</Table>