<?xml version = '1.0' encoding = 'UTF-8'?>
<Table class="oracle.dbtools.crest.model.design.relational.Table" directorySegmentName="seg_0" id="9A490BB5-1040-795F-8A8C-05125BA9E4C4" name="CLIENT_AUTOPOLICY">
<createdBy>mashu</createdBy>
<createdTime>2017-11-07 19:53:09 UTC</createdTime>
<ownerDesignName>Revised Model2</ownerDesignName>
<ordsAlias>table_23</ordsAlias>
<allowColumnReorder>false</allowColumnReorder>
<existDependencyGenerateInDDl>true</existDependencyGenerateInDDl>
<parsed>true</parsed>
<columns itemClass="oracle.dbtools.crest.model.design.relational.Column">
<Column name="AutoPolicyNo" id="F09C459C-2152-A416-267C-093ACB5508CA">
<createdBy>mashu</createdBy>
<createdTime>2017-11-07 19:53:49 UTC</createdTime>
<ownerDesignName>Revised Model2</ownerDesignName>
<useDomainConstraints>false</useDomainConstraints>
<use>1</use>
<logicalDatatype>LOGDT019</logicalDatatype>
<dataTypePrecision>5</dataTypePrecision>
<ownDataTypeParameters>,5,</ownDataTypeParameters>
<autoIncrementCycle>false</autoIncrementCycle>
</Column>
<Column name="CarMakeD" id="E9478E08-7FDC-7BEA-31B4-26E5812CA02F">
<createdBy>mashu</createdBy>
<createdTime>2017-11-07 19:54:05 UTC</createdTime>
<ownerDesignName>Revised Model2</ownerDesignName>
<nullsAllowed>true</nullsAllowed>
<useDomainConstraints>false</useDomainConstraints>
<use>1</use>
<logicalDatatype>LOGDT025</logicalDatatype>
<dataTypeSize>10 CHAR</dataTypeSize>
<ownDataTypeParameters>10 CHAR,,</ownDataTypeParameters>
<autoIncrementCycle>false</autoIncrementCycle>
</Column>
<Column name="CarModelD" id="37858AC5-EA1C-FD30-D0D0-116DFEFB23E8">
<createdBy>mashu</createdBy>
<createdTime>2017-11-07 19:54:17 UTC</createdTime>
<ownerDesignName>Revised Model2</ownerDesignName>
<nullsAllowed>true</nullsAllowed>
<useDomainConstraints>false</useDomainConstraints>
<use>1</use>
<logicalDatatype>LOGDT025</logicalDatatype>
<dataTypeSize>10 CHAR</dataTypeSize>
<ownDataTypeParameters>10 CHAR,,</ownDataTypeParameters>
<autoIncrementCycle>false</autoIncrementCycle>
</Column>
<Column name="CarRegistrationNoD" id="1073184C-B60F-3381-0278-C2AEC49C5250">
<createdBy>mashu</createdBy>
<createdTime>2017-11-07 19:54:30 UTC</createdTime>
<ownerDesignName>Revised Model2</ownerDesignName>
<nullsAllowed>true</nullsAllowed>
<useDomainConstraints>false</useDomainConstraints>
<use>1</use>
<logicalDatatype>LOGDT025</logicalDatatype>
<dataTypeSize>10 CHAR</dataTypeSize>
<ownDataTypeParameters>10 CHAR,,</ownDataTypeParameters>
<autoIncrementCycle>false</autoIncrementCycle>
</Column>
<Column name="DriverDOBD" id="2B9B9688-D748-E38B-3177-A30FF3DB09FC">
<createdBy>mashu</createdBy>
<createdTime>2017-11-07 19:54:56 UTC</createdTime>
<ownerDesignName>Revised Model2</ownerDesignName>
<nullsAllowed>true</nullsAllowed>
<useDomainConstraints>false</useDomainConstraints>
<use>1</use>
<logicalDatatype>LOGDT007</logicalDatatype>
<ownDataTypeParameters>,,</ownDataTypeParameters>
<autoIncrementCycle>false</autoIncrementCycle>
</Column>
<Column name="DriverLicenseNoD" id="23DC39B9-345E-AEB3-3E78-ED2D47B64902">
<createdBy>mashu</createdBy>
<createdTime>2017-11-07 19:55:11 UTC</createdTime>
<ownerDesignName>Revised Model2</ownerDesignName>
<nullsAllowed>true</nullsAllowed>
<useDomainConstraints>false</useDomainConstraints>
<use>1</use>
<logicalDatatype>LOGDT019</logicalDatatype>
<dataTypePrecision>8</dataTypePrecision>
<ownDataTypeParameters>,8,</ownDataTypeParameters>
<autoIncrementCycle>false</autoIncrementCycle>
</Column>
<Column name="DriverNameD" id="9929D754-FCD8-BAA7-00D6-A272DE147ED8">
<createdBy>mashu</createdBy>
<createdTime>2017-11-07 19:55:25 UTC</createdTime>
<ownerDesignName>Revised Model2</ownerDesignName>
<nullsAllowed>true</nullsAllowed>
<useDomainConstraints>false</useDomainConstraints>
<use>1</use>
<logicalDatatype>LOGDT025</logicalDatatype>
<dataTypeSize>10 CHAR</dataTypeSize>
<ownDataTypeParameters>10 CHAR,,</ownDataTypeParameters>
<autoIncrementCycle>false</autoIncrementCycle>
</Column>
<Column name="DriverSexD" id="8520D0D3-7910-EAD0-257D-6A422F656B0A">
<createdBy>mashu</createdBy>
<createdTime>2017-11-07 19:55:40 UTC</createdTime>
<ownerDesignName>Revised Model2</ownerDesignName>
<nullsAllowed>true</nullsAllowed>
<useDomainConstraints>false</useDomainConstraints>
<use>1</use>
<logicalDatatype>LOGDT033</logicalDatatype>
<ownDataTypeParameters>,,</ownDataTypeParameters>
<autoIncrementCycle>false</autoIncrementCycle>
</Column>
<Column name="CLIENT_ClientID" id="97B54DB7-DF65-7480-C6FC-6EC6DF3E7B19">
<createdBy>mashu</createdBy>
<createdTime>2017-11-07 19:56:15 UTC</createdTime>
<ownerDesignName>Revised Model2</ownerDesignName>
<useDomainConstraints>false</useDomainConstraints>
<use>1</use>
<logicalDatatype>LOGDT019</logicalDatatype>
<dataTypePrecision>5</dataTypePrecision>
<ownDataTypeParameters>,5,</ownDataTypeParameters>
<previousColumn>false</previousColumn>
<autoIncrementCycle>false</autoIncrementCycle>
<associations>
<colAssociation fkAssociation="5F557DFA-3A28-E958-DC30-CDFD871BAF29" referredColumn="76194154-9B69-0AB0-44AE-99F889B2A4F3"/>
</associations>
</Column>
</columns>
<indexes itemClass="oracle.dbtools.crest.model.design.relational.Index">
<ind_PK_UK id="080AF2B1-74DC-6DA7-D32C-A64E27960A56" name="CLIENT_AUTOPOLICY_PK">
<createdBy>mashu</createdBy>
<createdTime>2017-11-07 19:53:49 UTC</createdTime>
<ownerDesignName>Revised Model2</ownerDesignName>
<pk>true</pk>
<indexState>Primary Constraint</indexState>
<isSurrogateKey>false</isSurrogateKey>
<indexColumnUsage>
<colUsage columnID="F09C459C-2152-A416-267C-093ACB5508CA"/>
</indexColumnUsage>
</ind_PK_UK>
<ind_PK_UK id="CECE30EC-F4D0-E189-1460-7A6A965E1A70" name="CLIENT_AUTOPOLICY_CLIENT_FK">
<createdBy>mashu</createdBy>
<createdTime>2017-11-07 19:56:15 UTC</createdTime>
<generatorID>F7042975-83B4-288C-2A34-A293D2F97F06</generatorID>
<ownerDesignName>Revised Model2</ownerDesignName>
<indexState>Foreign Key</indexState>
<isSurrogateKey>false</isSurrogateKey>
<indexColumnUsage>
<colUsage columnID="97B54DB7-DF65-7480-C6FC-6EC6DF3E7B19"/>
</indexColumnUsage>
</ind_PK_UK>
</indexes>
</Table>