<?xml version = '1.0' encoding = 'UTF-8'?>
<Table class="oracle.dbtools.crest.model.design.relational.Table" directorySegmentName="seg_0" id="F32D2F0E-79EE-7D0D-97EA-20F47E3B05A4" name="AGENT_CLIENT">
<createdBy>mashu</createdBy>
<createdTime>2017-11-07 19:49:29 UTC</createdTime>
<ownerDesignName>Revised Model2</ownerDesignName>
<ordsAlias>table_22</ordsAlias>
<allowColumnReorder>false</allowColumnReorder>
<existDependencyGenerateInDDl>true</existDependencyGenerateInDDl>
<parsed>true</parsed>
<columns itemClass="oracle.dbtools.crest.model.design.relational.Column">
<Column name="ClientID" id="6380E4FD-FBD2-AF9B-7FFA-2F64031C2BCF">
<createdBy>mashu</createdBy>
<createdTime>2017-11-07 19:49:40 UTC</createdTime>
<ownerDesignName>Revised Model2</ownerDesignName>
<useDomainConstraints>false</useDomainConstraints>
<use>1</use>
<logicalDatatype>LOGDT019</logicalDatatype>
<dataTypePrecision>5</dataTypePrecision>
<ownDataTypeParameters>,5,</ownDataTypeParameters>
<autoIncrementCycle>false</autoIncrementCycle>
</Column>
<Column name="TotalClientsD" id="0F9DE7A5-0935-B57D-E093-00C67E0EB17E">
<createdBy>mashu</createdBy>
<createdTime>2017-11-07 19:50:18 UTC</createdTime>
<ownerDesignName>Revised Model2</ownerDesignName>
<nullsAllowed>true</nullsAllowed>
<useDomainConstraints>false</useDomainConstraints>
<use>1</use>
<logicalDatatype>LOGDT019</logicalDatatype>
<dataTypePrecision>5</dataTypePrecision>
<ownDataTypeParameters>,5,</ownDataTypeParameters>
<autoIncrementCycle>false</autoIncrementCycle>
</Column>
<Column name="AGENT_AgentID" id="2AA5B3E4-50B0-CD02-600D-7533EA6F343B">
<createdBy>mashu</createdBy>
<createdTime>2017-11-07 19:52:30 UTC</createdTime>
<ownerDesignName>Revised Model2</ownerDesignName>
<useDomainConstraints>false</useDomainConstraints>
<use>1</use>
<logicalDatatype>LOGDT019</logicalDatatype>
<dataTypePrecision>5</dataTypePrecision>
<ownDataTypeParameters>,5,</ownDataTypeParameters>
<previousColumn>false</previousColumn>
<autoIncrementCycle>false</autoIncrementCycle>
<associations>
<colAssociation fkAssociation="71D6AC19-BCDE-C1C8-7B6C-F9A67B8129A6" referredColumn="8DE867F3-F483-836E-41A4-38D6674B4ADB"/>
</associations>
</Column>
</columns>
<indexes itemClass="oracle.dbtools.crest.model.design.relational.Index">
<ind_PK_UK id="672B5BD2-F613-18C4-6E82-21A13D1D8D89" name="AGENT_CLIENT_PK">
<createdBy>mashu</createdBy>
<createdTime>2017-11-07 19:50:18 UTC</createdTime>
<ownerDesignName>Revised Model2</ownerDesignName>
<pk>true</pk>
<indexState>Primary Constraint</indexState>
<isSurrogateKey>false</isSurrogateKey>
<indexColumnUsage>
<colUsage columnID="6380E4FD-FBD2-AF9B-7FFA-2F64031C2BCF"/>
</indexColumnUsage>
</ind_PK_UK>
<ind_PK_UK id="0235E032-E53F-405A-3250-3C8B67C24ABF" name="AGENT_CLIENT_AGENT_FK">
<createdBy>mashu</createdBy>
<createdTime>2017-11-07 19:52:30 UTC</createdTime>
<generatorID>99DCEE61-CB3D-3EA2-1073-76CBD77EF88F</generatorID>
<ownerDesignName>Revised Model2</ownerDesignName>
<indexState>Foreign Key</indexState>
<isSurrogateKey>false</isSurrogateKey>
<indexColumnUsage>
<colUsage columnID="2AA5B3E4-50B0-CD02-600D-7533EA6F343B"/>
</indexColumnUsage>
</ind_PK_UK>
</indexes>
</Table>