<?xml version = '1.0' encoding = 'UTF-8'?>
<FKIndexAssociation class="oracle.dbtools.crest.model.design.relational.FKIndexAssociation" directorySegmentName="seg_0" id="1C4D034C-CB72-3A56-09FE-24F96CC6533E" containerWithKeyObject="713BAB7D-5B47-5166-4872-F66822B2997D" localFKIndex="3AF24B03-8B5C-26C3-D20C-E5DBB14ACC7F" name="LIFEPOLICY_AGENT_FK">
<createdBy>mashu</createdBy>
<createdTime>2017-11-07 20:09:21 UTC</createdTime>
<generatorID>0A13682D-C728-1C0B-295E-6D7D9BEECB3C</generatorID>
<ownerDesignName>Default Model</ownerDesignName>
<referredTableLongName>AGENT</referredTableLongName>
<deleteRule>NO ACTION</deleteRule>
<referredTableID>8FEB3296-87E8-CCFA-D907-A9CDCE1E9AB1</referredTableID>
<keyObject>59B51070-8D41-A86B-B595-ACA418235AC6</keyObject>
<referredKeyID>59B51070-8D41-A86B-B595-ACA418235AC6</referredKeyID>
<mandatory>true</mandatory>
<refColNames>AgentID</refColNames>
<transferable>true</transferable>
<rely>false</rely>
<columnDependencyConstraintGenerateInDDL>true</columnDependencyConstraintGenerateInDDL>
</FKIndexAssociation>