<?xml version = '1.0' encoding = 'UTF-8'?>
<FKIndexAssociation class="oracle.dbtools.crest.model.design.relational.FKIndexAssociation" directorySegmentName="seg_0" id="34604A47-4EDA-2F2E-258D-C3B9AD9F9E6A" containerWithKeyObject="713BAB7D-5B47-5166-4872-F66822B2997D" localFKIndex="70423773-AD2B-4D87-9398-F9E6DE1D63F1" name="LIFEPOLICY_CLIENT_FK">
<createdBy>mashu</createdBy>
<createdTime>2017-11-07 20:09:21 UTC</createdTime>
<generatorID>9DFB57F8-11C7-F68C-BDE8-2BD52CFBF728</generatorID>
<ownerDesignName>Default Model</ownerDesignName>
<referredTableLongName>CLIENT</referredTableLongName>
<deleteRule>NO ACTION</deleteRule>
<referredTableID>0B5E8EE5-A150-98DD-C534-3FBB0C732808</referredTableID>
<keyObject>2F265A08-0A45-9113-1B22-0A33E036E683</keyObject>
<referredKeyID>2F265A08-0A45-9113-1B22-0A33E036E683</referredKeyID>
<mandatory>true</mandatory>
<refColNames>ClientID</refColNames>
<transferable>true</transferable>
<rely>false</rely>
<columnDependencyConstraintGenerateInDDL>true</columnDependencyConstraintGenerateInDDL>
</FKIndexAssociation>