<?xml version = '1.0' encoding = 'UTF-8'?>
<FKIndexAssociation class="oracle.dbtools.crest.model.design.relational.FKIndexAssociation" directorySegmentName="seg_0" id="3F013D8A-0916-D920-9F90-C32D760311BC" containerWithKeyObject="944A4538-AA65-DD79-D6DB-022B502AB095" localFKIndex="C4CD0078-E638-BE22-D64D-E18799937EEB" name="INVOICE_PAYMENT_FK">
<createdBy>mashu</createdBy>
<createdTime>2017-11-07 20:09:21 UTC</createdTime>
<generatorID>59CAF5C0-7ACE-A971-193F-B2D6B6A2B6C7</generatorID>
<ownerDesignName>Default Model</ownerDesignName>
<referredTableLongName>PAYMENT</referredTableLongName>
<deleteRule>NO ACTION</deleteRule>
<referredTableID>9799D5B3-42DF-CC27-3774-E9FD23F5AC0F</referredTableID>
<keyObject>254D8675-4ED8-35BD-F5EB-25C07A6D8A24</keyObject>
<referredKeyID>254D8675-4ED8-35BD-F5EB-25C07A6D8A24</referredKeyID>
<mandatory>true</mandatory>
<refColNames>PaymentNo</refColNames>
<transferable>true</transferable>
<rely>false</rely>
<columnDependencyConstraintGenerateInDDL>true</columnDependencyConstraintGenerateInDDL>
</FKIndexAssociation>