<?xml version = '1.0' encoding = 'UTF-8'?>
<FKIndexAssociation class="oracle.dbtools.crest.model.design.relational.FKIndexAssociation" directorySegmentName="seg_0" id="46511428-E703-F25F-AB1A-338D01685A90" containerWithKeyObject="944A4538-AA65-DD79-D6DB-022B502AB095" localFKIndex="2F4A66A1-15A8-1858-D887-C7AD8F7CE841" name="INVOICE_CLIENT_FK">
<createdBy>mashu</createdBy>
<createdTime>2017-11-07 20:09:21 UTC</createdTime>
<generatorID>2C4BC564-2149-7F85-3DB2-E71A281C38FD</generatorID>
<ownerDesignName>Default Model</ownerDesignName>
<referredTableLongName>CLIENT</referredTableLongName>
<deleteRule>NO ACTION</deleteRule>
<referredTableID>0B5E8EE5-A150-98DD-C534-3FBB0C732808</referredTableID>
<keyObject>2F265A08-0A45-9113-1B22-0A33E036E683</keyObject>
<referredKeyID>2F265A08-0A45-9113-1B22-0A33E036E683</referredKeyID>
<mandatory>true</mandatory>
<refColNames>ClientID</refColNames>
<transferable>true</transferable>
<rely>false</rely>
<columnDependencyConstraintGenerateInDDL>true</columnDependencyConstraintGenerateInDDL>
</FKIndexAssociation>