<?xml version = '1.0' encoding = 'UTF-8'?>
<FKIndexAssociation class="oracle.dbtools.crest.model.design.relational.FKIndexAssociation" directorySegmentName="seg_0" id="54B352CE-CAEE-32A6-3170-F246E855615D" containerWithKeyObject="BF51BE86-2A45-FD37-0796-882993915EBC" localFKIndex="F6C6B1D0-C87F-877E-231F-EEB8AE2BD2B1" name="AUTOPOLICY_AGENT_FK">
<createdBy>mashu</createdBy>
<createdTime>2017-11-07 20:09:21 UTC</createdTime>
<generatorID>F65591BA-91C7-F8D8-2CA2-277D1E61E4ED</generatorID>
<ownerDesignName>Default Model</ownerDesignName>
<referredTableLongName>AGENT</referredTableLongName>
<deleteRule>NO ACTION</deleteRule>
<referredTableID>8FEB3296-87E8-CCFA-D907-A9CDCE1E9AB1</referredTableID>
<keyObject>59B51070-8D41-A86B-B595-ACA418235AC6</keyObject>
<referredKeyID>59B51070-8D41-A86B-B595-ACA418235AC6</referredKeyID>
<mandatory>true</mandatory>
<refColNames>AgentID</refColNames>
<transferable>true</transferable>
<rely>false</rely>
<columnDependencyConstraintGenerateInDDL>true</columnDependencyConstraintGenerateInDDL>
</FKIndexAssociation>