<?xml version = '1.0' encoding = 'UTF-8'?>
<FKIndexAssociation class="oracle.dbtools.crest.model.design.relational.FKIndexAssociation" directorySegmentName="seg_0" id="69D6B6D3-A8D1-9F53-88DE-156B4A56C470" containerWithKeyObject="BF51BE86-2A45-FD37-0796-882993915EBC" localFKIndex="A3759C65-0BFF-E3F5-5797-ECD587242A30" name="AUTOPOLICY_CLIENT_FK">
<createdBy>mashu</createdBy>
<createdTime>2017-11-07 20:09:21 UTC</createdTime>
<generatorID>A6EFF6F3-10DD-63E2-36DA-5993878D6A72</generatorID>
<ownerDesignName>Default Model</ownerDesignName>
<referredTableLongName>CLIENT</referredTableLongName>
<deleteRule>NO ACTION</deleteRule>
<referredTableID>0B5E8EE5-A150-98DD-C534-3FBB0C732808</referredTableID>
<keyObject>2F265A08-0A45-9113-1B22-0A33E036E683</keyObject>
<referredKeyID>2F265A08-0A45-9113-1B22-0A33E036E683</referredKeyID>
<mandatory>true</mandatory>
<refColNames>ClientID</refColNames>
<transferable>true</transferable>
<rely>false</rely>
<columnDependencyConstraintGenerateInDDL>true</columnDependencyConstraintGenerateInDDL>
</FKIndexAssociation>