<?xml version = '1.0' encoding = 'UTF-8'?>
<FKIndexAssociation class="oracle.dbtools.crest.model.design.relational.FKIndexAssociation" directorySegmentName="seg_0" id="73671681-5AF5-731C-522A-AD6E6582781F" containerWithKeyObject="69B9A4F4-80D6-DD58-CE6B-0DBDA65754FF" localFKIndex="2F67C4F1-3065-6948-76A9-4DF8DDEEA6F0" name="CLAIM_AUTOPOLICY_FK">
<createdBy>mashu</createdBy>
<createdTime>2017-11-07 20:09:21 UTC</createdTime>
<generatorID>A9868776-05D0-E7C8-B32C-5373E77ADC05</generatorID>
<ownerDesignName>Default Model</ownerDesignName>
<referredTableLongName>AUTOPOLICY</referredTableLongName>
<deleteRule>NO ACTION</deleteRule>
<referredTableID>BF51BE86-2A45-FD37-0796-882993915EBC</referredTableID>
<keyObject>84D56C92-11B0-48C6-8F38-F68DADF06AC5</keyObject>
<referredKeyID>84D56C92-11B0-48C6-8F38-F68DADF06AC5</referredKeyID>
<mandatory>true</mandatory>
<refColNames>AutoPolicyNo</refColNames>
<transferable>true</transferable>
<rely>false</rely>
<columnDependencyConstraintGenerateInDDL>true</columnDependencyConstraintGenerateInDDL>
</FKIndexAssociation>