<?xml version = '1.0' encoding = 'UTF-8'?>
<FKIndexAssociation class="oracle.dbtools.crest.model.design.relational.FKIndexAssociation" directorySegmentName="seg_0" id="7AE3980F-847A-1C57-8D0E-E90E002FEFA0" containerWithKeyObject="944A4538-AA65-DD79-D6DB-022B502AB095" localFKIndex="DC7CE989-05DF-5BBC-5802-F89ABFF9C39C" name="INVOICE_LIFEPOLICY_FK">
<createdBy>mashu</createdBy>
<createdTime>2017-11-07 20:09:21 UTC</createdTime>
<generatorID>61602C38-176B-D366-54B7-46C31E7F1190</generatorID>
<ownerDesignName>Default Model</ownerDesignName>
<referredTableLongName>LIFEPOLICY</referredTableLongName>
<deleteRule>NO ACTION</deleteRule>
<referredTableID>713BAB7D-5B47-5166-4872-F66822B2997D</referredTableID>
<keyObject>D1CBC515-A884-4BBF-D2D9-BA9C7D500905</keyObject>
<referredKeyID>D1CBC515-A884-4BBF-D2D9-BA9C7D500905</referredKeyID>
<mandatory>true</mandatory>
<refColNames>LifePolicyNo,CLIENT_ClientID</refColNames>
<transferable>true</transferable>
<rely>false</rely>
<columnDependencyConstraintGenerateInDDL>true</columnDependencyConstraintGenerateInDDL>
</FKIndexAssociation>