<?xml version = '1.0' encoding = 'UTF-8'?>
<FKIndexAssociation class="oracle.dbtools.crest.model.design.relational.FKIndexAssociation" directorySegmentName="seg_0" id="A0E98EB1-71D2-209F-273D-28264AE9E23D" containerWithKeyObject="944A4538-AA65-DD79-D6DB-022B502AB095" localFKIndex="70A6F8D4-A3D7-2387-044E-A002D0E5DEB4" name="INVOICE_AUTOPOLICY_FK">
<createdBy>mashu</createdBy>
<createdTime>2017-11-07 20:09:21 UTC</createdTime>
<generatorID>2B3F5C7C-1A5D-A58D-60DF-FD358A3B7095</generatorID>
<ownerDesignName>Default Model</ownerDesignName>
<referredTableLongName>AUTOPOLICY</referredTableLongName>
<deleteRule>NO ACTION</deleteRule>
<referredTableID>BF51BE86-2A45-FD37-0796-882993915EBC</referredTableID>
<keyObject>84D56C92-11B0-48C6-8F38-F68DADF06AC5</keyObject>
<referredKeyID>84D56C92-11B0-48C6-8F38-F68DADF06AC5</referredKeyID>
<mandatory>true</mandatory>
<refColNames>AutoPolicyNo</refColNames>
<transferable>true</transferable>
<rely>false</rely>
<columnDependencyConstraintGenerateInDDL>true</columnDependencyConstraintGenerateInDDL>
</FKIndexAssociation>