<?xml version = '1.0' encoding = 'UTF-8'?>
<FKIndexAssociation class="oracle.dbtools.crest.model.design.relational.FKIndexAssociation" directorySegmentName="seg_0" id="B8AA1335-EF2B-50CD-1E68-B87B50506E02" containerWithKeyObject="0B5E8EE5-A150-98DD-C534-3FBB0C732808" localFKIndex="F06AB92F-8886-D8BD-004E-C85DEF6AB408" name="CLIENT_AGENT_FK">
<createdBy>mashu</createdBy>
<createdTime>2017-11-07 20:09:21 UTC</createdTime>
<generatorID>724F710F-4D7C-C9A5-DF7A-2E5A82572B59</generatorID>
<ownerDesignName>Default Model</ownerDesignName>
<referredTableLongName>AGENT</referredTableLongName>
<deleteRule>NO ACTION</deleteRule>
<referredTableID>8FEB3296-87E8-CCFA-D907-A9CDCE1E9AB1</referredTableID>
<keyObject>59B51070-8D41-A86B-B595-ACA418235AC6</keyObject>
<referredKeyID>59B51070-8D41-A86B-B595-ACA418235AC6</referredKeyID>
<mandatory>true</mandatory>
<refColNames>AgentID</refColNames>
<transferable>true</transferable>
<rely>false</rely>
<columnDependencyConstraintGenerateInDDL>true</columnDependencyConstraintGenerateInDDL>
</FKIndexAssociation>