<?xml version = '1.0' encoding = 'UTF-8'?>
<FKIndexAssociation class="oracle.dbtools.crest.model.design.relational.FKIndexAssociation" directorySegmentName="seg_0" id="C4B2FB01-19C3-ACB8-CB04-0B55AA23E942" containerWithKeyObject="69B9A4F4-80D6-DD58-CE6B-0DBDA65754FF" localFKIndex="8CE0B06E-5092-6BCE-D5D7-FC40579E65E5" name="CLAIM_LIFEPOLICY_FK">
<createdBy>mashu</createdBy>
<createdTime>2017-11-07 20:09:21 UTC</createdTime>
<generatorID>7CA21F50-5280-467B-05B7-BE9FDA0FC720</generatorID>
<ownerDesignName>Default Model</ownerDesignName>
<referredTableLongName>LIFEPOLICY</referredTableLongName>
<deleteRule>NO ACTION</deleteRule>
<referredTableID>713BAB7D-5B47-5166-4872-F66822B2997D</referredTableID>
<keyObject>D1CBC515-A884-4BBF-D2D9-BA9C7D500905</keyObject>
<referredKeyID>D1CBC515-A884-4BBF-D2D9-BA9C7D500905</referredKeyID>
<mandatory>true</mandatory>
<refColNames>LifePolicyNo,CLIENT_ClientID</refColNames>
<transferable>true</transferable>
<rely>false</rely>
<columnDependencyConstraintGenerateInDDL>true</columnDependencyConstraintGenerateInDDL>
</FKIndexAssociation>