<?xml version = '1.0' encoding = 'UTF-8'?>
<FKIndexAssociation class="oracle.dbtools.crest.model.design.relational.FKIndexAssociation" directorySegmentName="seg_0" id="D1B166FB-25F2-9262-C9F5-F4D3BE214636" containerWithKeyObject="9799D5B3-42DF-CC27-3774-E9FD23F5AC0F" localFKIndex="785F7F16-B588-AD32-B881-BC99E2734C5D" name="PAYMENT_CLIENT_FK">
<createdBy>mashu</createdBy>
<createdTime>2017-11-07 20:09:21 UTC</createdTime>
<generatorID>B4F403C7-7217-391A-EF1D-4B8F7A0B9651</generatorID>
<ownerDesignName>Default Model</ownerDesignName>
<referredTableLongName>CLIENT</referredTableLongName>
<deleteRule>NO ACTION</deleteRule>
<referredTableID>0B5E8EE5-A150-98DD-C534-3FBB0C732808</referredTableID>
<keyObject>2F265A08-0A45-9113-1B22-0A33E036E683</keyObject>
<referredKeyID>2F265A08-0A45-9113-1B22-0A33E036E683</referredKeyID>
<mandatory>true</mandatory>
<refColNames>ClientID</refColNames>
<transferable>true</transferable>
<rely>false</rely>
<columnDependencyConstraintGenerateInDDL>true</columnDependencyConstraintGenerateInDDL>
</FKIndexAssociation>