<?xml version = '1.0' encoding = 'UTF-8'?>
<relationalModel class="oracle.dbtools.crest.model.design.relational.RelationalDesign" name="Relational_1" id="C16D48B4-1A0A-D956-919D-F74DE30E102C" mainViewID="93BABDE4-5B8D-1089-3265-0ED72501D7BC">
<createdBy>HoddieMelo</createdBy>
<createdTime>2017-11-07 22:47:20 UTC</createdTime>
<ownerDesignName>Revised IDM</ownerDesignName>
<shouldBeOpen>false</shouldBeOpen>
<selectedRDBMSSite>32076570-2523-435C-2E92-BF29817DFF70</selectedRDBMSSite>
</relationalModel>