<?xml version = '1.0' encoding = 'UTF-8'?>
<Diagram class="oracle.dbtools.crest.swingui.relational.DPVRelational" name="Relational_1" id="144F364C-6FEE-B172-341D-0D517A63788D">
<createdBy>HoddieMelo</createdBy>
<modifiedBy>HoddieMelo</modifiedBy>
<createdTime>2017-11-01 14:21:55 UTC</createdTime>
<autoRoute>false</autoRoute>
<boxInbox>true</boxInbox>
<showLegend>false</showLegend>
<showLabels>false</showLabels>
<showRelAttributes>false</showRelAttributes>
<gridEnabled>false</gridEnabled>
<showGrid>false</showGrid>
<diagramColor>-1</diagramColor>
<display>false</display>
<notation>1</notation>
<objectViews>
<OView class="oracle.dbtools.crest.swingui.relational.TVTable" oid="077D2AFA-CB5B-0BC4-1F39-F016101B7891" otype="Table" vid="0897E656-BB93-164F-8A46-4AAE92B46F35">
<hideElementsInCurrentOnly>false</hideElementsInCurrentOnly>
<bounds x="232" y="1001" width="386" height="325"/>
</OView>
<OView class="oracle.dbtools.crest.swingui.relational.TVTable" oid="2BA737AB-5EEA-9BB6-A0CA-1BFE2523FC5A" otype="Table" vid="BFDBC662-88F2-CF69-D516-E27F1456EC28">
<hideElementsInCurrentOnly>false</hideElementsInCurrentOnly>
<bounds x="938" y="54" width="334" height="126"/>
</OView>
<OView class="oracle.dbtools.crest.swingui.relational.TVTable" oid="2CCED268-E2B8-CE63-3B97-1131DBDCD950" otype="Table" vid="D7DAFE35-3809-1E47-FC43-72D7CDDC6DBB">
<hideElementsInCurrentOnly>false</hideElementsInCurrentOnly>
<bounds x="432" y="20" width="307" height="92"/>
</OView>
<OView class="oracle.dbtools.crest.swingui.relational.TVTable" oid="4C939B9B-144D-A8BF-7F88-A4AE66C8E1FF" otype="Table" vid="013F3912-6CCE-E825-F97C-F3BE0CB97B10">
<hideElementsInCurrentOnly>false</hideElementsInCurrentOnly>
<bounds x="484" y="478" width="413" height="193"/>
</OView>
<OView class="oracle.dbtools.crest.swingui.relational.TVTable" oid="4F16EBA4-CF28-0B4B-CE38-F33D7ADEA96F" otype="Table" vid="6367B6F6-802F-40E5-5646-17D593F24B88">
<hideElementsInCurrentOnly>false</hideElementsInCurrentOnly>
<bounds x="535" y="738" width="418" height="200"/>
</OView>
<OView class="oracle.dbtools.crest.swingui.relational.TVTable" oid="5368CB72-0C13-B74E-23EF-2F8EA8A7D2E4" otype="Table" vid="DCC04874-E115-CE33-261D-220C9178CC83">
<hideElementsInCurrentOnly>false</hideElementsInCurrentOnly>
<bounds x="930" y="246" width="341" height="145"/>
</OView>
<OView class="oracle.dbtools.crest.swingui.relational.TVTable" oid="552D0A5F-7515-EF0B-A73E-57BDAA5ACCC2" otype="Table" vid="B9B913D0-6561-0241-71D1-6F0AFF4333DA">
<hideElementsInCurrentOnly>false</hideElementsInCurrentOnly>
<bounds x="704" y="1021" width="413" height="185"/>
</OView>
<OView class="oracle.dbtools.crest.swingui.relational.TVTable" oid="775C54F0-86E3-8B18-D088-A8AEBA9A51EE" otype="Table" vid="D04ED2DA-A351-B183-9591-EB5C2CE2C574">
<hideElementsInCurrentOnly>false</hideElementsInCurrentOnly>
<bounds x="95" y="131" width="322" height="127"/>
</OView>
<OView class="oracle.dbtools.crest.swingui.relational.TVTable" oid="991DCD47-7614-C95F-265F-A8B7BD1B6CB1" otype="Table" vid="6E7D8D06-8B12-5F85-5DA3-CD01E0FAE830">
<hideElementsInCurrentOnly>false</hideElementsInCurrentOnly>
<bounds x="970" y="496" width="301" height="218"/>
</OView>
<OView class="oracle.dbtools.crest.swingui.relational.TVTable" oid="9A490BB5-1040-795F-8A8C-05125BA9E4C4" otype="Table" vid="461F244B-F45D-74EC-8B00-8FBF06DCBDD8">
<hideElementsInCurrentOnly>false</hideElementsInCurrentOnly>
<bounds x="518" y="182" width="308" height="220"/>
</OView>
<OView class="oracle.dbtools.crest.swingui.relational.TVTable" oid="9E3F2292-3EAB-9244-E3A9-CD0144998F72" otype="Table" vid="1E19F109-9471-BBDF-7447-D004E6BFB2EF">
<hideElementsInCurrentOnly>false</hideElementsInCurrentOnly>
<bounds x="46" y="395" width="397" height="239"/>
</OView>
</objectViews>
<connectors>
<Connector class="oracle.dbtools.crest.swingui.relational.TVFKRelation" oid="25B79E01-7954-5926-1CD1-10317C00E68F" otype="FKIndexAssociation" vid_source="BFDBC662-88F2-CF69-D516-E27F1456EC28" vid_target="461F244B-F45D-74EC-8B00-8FBF06DCBDD8">
<hideElementsInCurrentOnly>false</hideElementsInCurrentOnly>
<lineWidth>1</lineWidth>
<points>
<point x="949" y="180"/>
<point x="826" y="229"/>
</points>
</Connector>
<Connector class="oracle.dbtools.crest.swingui.relational.TVFKRelation" oid="32230B47-6468-24A3-DEF8-80032A65C32A" otype="FKIndexAssociation" vid_source="461F244B-F45D-74EC-8B00-8FBF06DCBDD8" vid_target="6E7D8D06-8B12-5F85-5DA3-CD01E0FAE830">
<hideElementsInCurrentOnly>false</hideElementsInCurrentOnly>
<lineWidth>1</lineWidth>
<points>
<point x="826" y="399"/>
<point x="970" y="499"/>
</points>
</Connector>
<Connector class="oracle.dbtools.crest.swingui.relational.TVFKRelation" oid="3651E596-3A72-3088-A391-EE8F924BE198" otype="FKIndexAssociation" vid_source="013F3912-6CCE-E825-F97C-F3BE0CB97B10" vid_target="D04ED2DA-A351-B183-9591-EB5C2CE2C574">
<hideElementsInCurrentOnly>false</hideElementsInCurrentOnly>
<lineWidth>1</lineWidth>
<points>
<point x="580" y="478"/>
<point x="328" y="258"/>
</points>
</Connector>
<Connector class="oracle.dbtools.crest.swingui.relational.TVFKRelation" oid="386F9722-52CC-9560-38DE-72909C23B3E2" otype="FKIndexAssociation" vid_source="1E19F109-9471-BBDF-7447-D004E6BFB2EF" vid_target="0897E656-BB93-164F-8A46-4AAE92B46F35">
<hideElementsInCurrentOnly>false</hideElementsInCurrentOnly>
<lineWidth>1</lineWidth>
<points>
<point x="337" y="634"/>
<point x="337" y="1001"/>
</points>
</Connector>
<Connector class="oracle.dbtools.crest.swingui.relational.TVFKRelation" oid="5CA75E22-4FD8-64F5-899B-767CD980931C" otype="FKIndexAssociation" vid_source="D04ED2DA-A351-B183-9591-EB5C2CE2C574" vid_target="1E19F109-9471-BBDF-7447-D004E6BFB2EF">
<hideElementsInCurrentOnly>false</hideElementsInCurrentOnly>
<lineWidth>1</lineWidth>
<points>
<point x="246" y="258"/>
<point x="246" y="395"/>
</points>
</Connector>
<Connector class="oracle.dbtools.crest.swingui.relational.TVFKRelation" oid="5F557DFA-3A28-E958-DC30-CDFD871BAF29" otype="FKIndexAssociation" vid_source="013F3912-6CCE-E825-F97C-F3BE0CB97B10" vid_target="461F244B-F45D-74EC-8B00-8FBF06DCBDD8">
<hideElementsInCurrentOnly>false</hideElementsInCurrentOnly>
<lineWidth>1</lineWidth>
<points>
<point x="672" y="478"/>
<point x="672" y="402"/>
</points>
</Connector>
<Connector class="oracle.dbtools.crest.swingui.relational.TVFKRelation" oid="62CEA87C-F6C9-9AE0-62F1-CDEB60DE5427" otype="FKIndexAssociation" vid_source="013F3912-6CCE-E825-F97C-F3BE0CB97B10" vid_target="0897E656-BB93-164F-8A46-4AAE92B46F35">
<hideElementsInCurrentOnly>false</hideElementsInCurrentOnly>
<lineWidth>1</lineWidth>
<points>
<point x="551" y="671"/>
<point x="551" y="1001"/>
</points>
</Connector>
<Connector class="oracle.dbtools.crest.swingui.relational.TVFKRelation" oid="82333BB6-D598-2139-CA36-F3EAFAD3BB0F" otype="FKIndexAssociation" vid_source="D7DAFE35-3809-1E47-FC43-72D7CDDC6DBB" vid_target="6E7D8D06-8B12-5F85-5DA3-CD01E0FAE830">
<hideElementsInCurrentOnly>false</hideElementsInCurrentOnly>
<lineWidth>1</lineWidth>
<points>
<point x="631" y="112"/>
<point x="1012" y="496"/>
</points>
</Connector>
<Connector class="oracle.dbtools.crest.swingui.relational.TVFKRelation" oid="86B53CB4-F10C-A1F7-178D-AFBC29B0274E" otype="FKIndexAssociation" vid_source="DCC04874-E115-CE33-261D-220C9178CC83" vid_target="461F244B-F45D-74EC-8B00-8FBF06DCBDD8">
<hideElementsInCurrentOnly>false</hideElementsInCurrentOnly>
<lineWidth>1</lineWidth>
<points>
<point x="930" y="318"/>
<point x="826" y="318"/>
</points>
</Connector>
<Connector class="oracle.dbtools.crest.swingui.relational.TVFKRelation" oid="8DC8258E-24AB-6C8A-D3BA-F8BFE5A5C933" otype="FKIndexAssociation" vid_source="6367B6F6-802F-40E5-5646-17D593F24B88" vid_target="0897E656-BB93-164F-8A46-4AAE92B46F35">
<hideElementsInCurrentOnly>false</hideElementsInCurrentOnly>
<lineWidth>1</lineWidth>
<points>
<point x="576" y="938"/>
<point x="576" y="1001"/>
</points>
</Connector>
<Connector class="oracle.dbtools.crest.swingui.relational.TVFKRelation" oid="96322719-EB08-65AB-A46D-F2ABEC8D5BDE" otype="FKIndexAssociation" vid_source="6E7D8D06-8B12-5F85-5DA3-CD01E0FAE830" vid_target="0897E656-BB93-164F-8A46-4AAE92B46F35">
<hideElementsInCurrentOnly>false</hideElementsInCurrentOnly>
<lineWidth>1</lineWidth>
<points>
<point x="984" y="714"/>
<point x="618" y="1008"/>
</points>
</Connector>
<Connector class="oracle.dbtools.crest.swingui.relational.TVFKRelation" oid="AC2ED360-340B-11E7-BA13-76C12BCF5B99" otype="FKIndexAssociation" vid_source="D7DAFE35-3809-1E47-FC43-72D7CDDC6DBB" vid_target="1E19F109-9471-BBDF-7447-D004E6BFB2EF">
<hideElementsInCurrentOnly>false</hideElementsInCurrentOnly>
<lineWidth>1</lineWidth>
<points>
<point x="437" y="112"/>
<point x="437" y="395"/>
</points>
</Connector>
<Connector class="oracle.dbtools.crest.swingui.relational.TVFKRelation" oid="B09A9557-F5EF-D5DA-A7AB-52128CD5DB04" otype="FKIndexAssociation" vid_source="D7DAFE35-3809-1E47-FC43-72D7CDDC6DBB" vid_target="013F3912-6CCE-E825-F97C-F3BE0CB97B10">
<hideElementsInCurrentOnly>false</hideElementsInCurrentOnly>
<lineWidth>1</lineWidth>
<points>
<point x="601" y="112"/>
<point x="601" y="478"/>
</points>
</Connector>
<Connector class="oracle.dbtools.crest.swingui.relational.TVFKRelation" oid="BCF5CA21-E7DF-A668-3170-EA7EE2E12422" otype="FKIndexAssociation" vid_source="6E7D8D06-8B12-5F85-5DA3-CD01E0FAE830" vid_target="B9B913D0-6561-0241-71D1-6F0AFF4333DA">
<hideElementsInCurrentOnly>false</hideElementsInCurrentOnly>
<lineWidth>1</lineWidth>
<points>
<point x="1043" y="714"/>
<point x="1043" y="1021"/>
</points>
</Connector>
<Connector class="oracle.dbtools.crest.swingui.relational.TVFKRelation" oid="D87EAB02-B104-5EE1-9DE8-0100D299AD85" otype="FKIndexAssociation" vid_source="013F3912-6CCE-E825-F97C-F3BE0CB97B10" vid_target="6E7D8D06-8B12-5F85-5DA3-CD01E0FAE830">
<hideElementsInCurrentOnly>false</hideElementsInCurrentOnly>
<lineWidth>1</lineWidth>
<points>
<point x="897" y="583"/>
<point x="970" y="583"/>
</points>
</Connector>
<Connector class="oracle.dbtools.crest.swingui.relational.TVFKRelation" oid="E42B028B-6702-9B44-CCDE-056B536FEC8E" otype="FKIndexAssociation" vid_source="1E19F109-9471-BBDF-7447-D004E6BFB2EF" vid_target="B9B913D0-6561-0241-71D1-6F0AFF4333DA">
<hideElementsInCurrentOnly>false</hideElementsInCurrentOnly>
<lineWidth>1</lineWidth>
<points>
<point x="377" y="634"/>
<point x="807" y="1021"/>
</points>
</Connector>
<Connector class="oracle.dbtools.crest.swingui.relational.TVFKRelation" oid="E70736D2-ED3A-FF9D-E096-95480D385250" otype="FKIndexAssociation" vid_source="013F3912-6CCE-E825-F97C-F3BE0CB97B10" vid_target="1E19F109-9471-BBDF-7447-D004E6BFB2EF">
<hideElementsInCurrentOnly>false</hideElementsInCurrentOnly>
<lineWidth>1</lineWidth>
<points>
<point x="484" y="556"/>
<point x="443" y="556"/>
</points>
</Connector>
<Connector class="oracle.dbtools.crest.swingui.relational.TVFKRelation" oid="FAB6CBAE-0D73-E0D5-C088-FCCD0E3A98D0" otype="FKIndexAssociation" vid_source="013F3912-6CCE-E825-F97C-F3BE0CB97B10" vid_target="6367B6F6-802F-40E5-5646-17D593F24B88">
<hideElementsInCurrentOnly>false</hideElementsInCurrentOnly>
<lineWidth>1</lineWidth>
<points>
<point x="716" y="671"/>
<point x="716" y="738"/>
</points>
</Connector>
</connectors>
</Diagram>