<?xml version = '1.0' encoding = 'UTF-8'?>
<Diagram class="oracle.dbtools.crest.swingui.logical.DPVLogical" name="Logical" id="E1EEC939-EAC5-F2FF-1D98-5BC64F1DD731">
<createdBy>HoddieMelo</createdBy>
<modifiedBy>HoddieMelo</modifiedBy>
<createdTime>2017-11-07 22:47:41 UTC</createdTime>
<autoRoute>false</autoRoute>
<boxInbox>true</boxInbox>
<showLegend>false</showLegend>
<showLabels>false</showLabels>
<showRelAttributes>false</showRelAttributes>
<gridEnabled>false</gridEnabled>
<showGrid>false</showGrid>
<diagramColor>-1</diagramColor>
<display>false</display>
<notation>1</notation>
<objectViews>
<OView class="oracle.dbtools.crest.swingui.logical.TVEntity" oid="173CEA19-342E-DEA6-9595-63CCB8CCDE4A" otype="Entity" vid="7F8FEE0C-8E2D-AF74-3223-AD92C627F575">
<hideElementsInCurrentOnly>false</hideElementsInCurrentOnly>
<bounds x="477" y="112" width="259" height="147"/>
</OView>
<OView class="oracle.dbtools.crest.swingui.logical.TVEntity" oid="26AC00FC-A210-CA53-BA26-655B6FCACD65" otype="Entity" vid="D6BEDDF0-0FCC-9750-01EE-33F23F49ADC2">
<hideElementsInCurrentOnly>false</hideElementsInCurrentOnly>
<bounds x="521" y="579" width="139" height="139"/>
</OView>
<OView class="oracle.dbtools.crest.swingui.logical.TVEntity" oid="6BD57B0B-13B1-B0D8-93E4-7B8CB9086CE2" otype="Entity" vid="C80551AC-39CC-3149-FC78-4A50D59AE6D5">
<hideElementsInCurrentOnly>false</hideElementsInCurrentOnly>
<bounds x="507" y="346" width="135" height="160"/>
</OView>
<OView class="oracle.dbtools.crest.swingui.logical.TVEntity" oid="9048D4F9-A452-A0DE-4B15-40343D6DD891" otype="Entity" vid="A9767C84-AA49-F0B7-0969-26DE62BE44A6">
<hideElementsInCurrentOnly>false</hideElementsInCurrentOnly>
<bounds x="170" y="385" width="121" height="104"/>
</OView>
<OView class="oracle.dbtools.crest.swingui.logical.TVEntity" oid="A2C0E5D3-4ECD-014A-3769-818D94A4E3A3" otype="Entity" vid="90CC4A6D-3B19-5F74-0243-A783C13F7951">
<hideElementsInCurrentOnly>false</hideElementsInCurrentOnly>
<bounds x="1140" y="478" width="147" height="156"/>
</OView>
<OView class="oracle.dbtools.crest.swingui.logical.TVEntity" oid="EDA154F5-BC21-FC72-844B-F2F3409FB5FF" otype="Entity" vid="3D9B9BF4-B1C2-EE51-8B65-FB2CCA238F97">
<hideElementsInCurrentOnly>false</hideElementsInCurrentOnly>
<bounds x="735" y="384" width="154" height="104"/>
</OView>
<OView class="oracle.dbtools.crest.swingui.logical.TVEntity" oid="F42AAA50-63AD-EDFA-F24A-B8B6FDCFE714" otype="Entity" vid="CF61AB56-B42D-2D55-C095-C63F48C33118">
<hideElementsInCurrentOnly>false</hideElementsInCurrentOnly>
<bounds x="491" y="787" width="185" height="94"/>
</OView>
</objectViews>
<connectors>
<Connector class="oracle.dbtools.crest.swingui.logical.TVRelation" oid="016CF891-4741-5688-5EAF-491A47716910" otype="Relation" vid_source="7F8FEE0C-8E2D-AF74-3223-AD92C627F575" vid_target="C80551AC-39CC-3149-FC78-4A50D59AE6D5">
<hideElementsInCurrentOnly>false</hideElementsInCurrentOnly>
<lineWidth>1</lineWidth>
<points>
<point x="574" y="259"/>
<point x="574" y="346"/>
</points>
</Connector>
<Connector class="oracle.dbtools.crest.swingui.logical.TVRelation" oid="1FDA5D88-3432-7CA1-8DD1-2258E6F5C4F9" otype="Relation" vid_source="C80551AC-39CC-3149-FC78-4A50D59AE6D5" vid_target="D6BEDDF0-0FCC-9750-01EE-33F23F49ADC2">
<hideElementsInCurrentOnly>false</hideElementsInCurrentOnly>
<lineWidth>1</lineWidth>
<points>
<point x="581" y="506"/>
<point x="581" y="579"/>
</points>
</Connector>
<Connector class="oracle.dbtools.crest.swingui.logical.TVRelation" oid="392054B7-6D59-A166-18FD-E98D39E4A9E4" otype="Relation" vid_source="C80551AC-39CC-3149-FC78-4A50D59AE6D5" vid_target="90CC4A6D-3B19-5F74-0243-A783C13F7951">
<hideElementsInCurrentOnly>false</hideElementsInCurrentOnly>
<lineWidth>1</lineWidth>
<points>
<point x="642" y="492"/>
<point x="1140" y="492"/>
</points>
</Connector>
<Connector class="oracle.dbtools.crest.swingui.logical.TVRelation" oid="3DCE33F3-24F5-A990-461B-1918785B2E4B" otype="Relation" vid_source="7F8FEE0C-8E2D-AF74-3223-AD92C627F575" vid_target="90CC4A6D-3B19-5F74-0243-A783C13F7951">
<hideElementsInCurrentOnly>false</hideElementsInCurrentOnly>
<lineWidth>1</lineWidth>
<points>
<point x="726" y="259"/>
<point x="1140" y="511"/>
</points>
</Connector>
<Connector class="oracle.dbtools.crest.swingui.logical.TVRelation" oid="491CEF8B-3DBE-A49F-975D-A96A0B51C6F0" otype="Relation" vid_source="3D9B9BF4-B1C2-EE51-8B65-FB2CCA238F97" vid_target="D6BEDDF0-0FCC-9750-01EE-33F23F49ADC2">
<hideElementsInCurrentOnly>false</hideElementsInCurrentOnly>
<lineWidth>1</lineWidth>
<points>
<point x="757" y="488"/>
<point x="660" y="591"/>
</points>
</Connector>
<Connector class="oracle.dbtools.crest.swingui.logical.TVRelation" oid="6CF36F5D-57B9-FB77-0413-3EB435D0754F" otype="Relation" vid_source="7F8FEE0C-8E2D-AF74-3223-AD92C627F575" vid_target="A9767C84-AA49-F0B7-0969-26DE62BE44A6">
<hideElementsInCurrentOnly>false</hideElementsInCurrentOnly>
<lineWidth>1</lineWidth>
<points>
<point x="496" y="259"/>
<point x="291" y="396"/>
</points>
</Connector>
<Connector class="oracle.dbtools.crest.swingui.logical.TVRelation" oid="74487B53-F2CE-C9CF-D281-263911F6BFD1" otype="Relation" vid_source="C80551AC-39CC-3149-FC78-4A50D59AE6D5" vid_target="3D9B9BF4-B1C2-EE51-8B65-FB2CCA238F97">
<hideElementsInCurrentOnly>false</hideElementsInCurrentOnly>
<lineWidth>1</lineWidth>
<points>
<point x="642" y="436"/>
<point x="735" y="436"/>
</points>
</Connector>
<Connector class="oracle.dbtools.crest.swingui.logical.TVRelation" oid="75284D1A-8D95-8AB6-A92F-DC6E2A739123" otype="Relation" vid_source="90CC4A6D-3B19-5F74-0243-A783C13F7951" vid_target="D6BEDDF0-0FCC-9750-01EE-33F23F49ADC2">
<hideElementsInCurrentOnly>false</hideElementsInCurrentOnly>
<lineWidth>1</lineWidth>
<points>
<point x="1140" y="606"/>
<point x="660" y="606"/>
</points>
</Connector>
<Connector class="oracle.dbtools.crest.swingui.logical.TVRelation" oid="9E11B3FA-8ED0-D851-0E0B-C812A486BE4D" otype="Relation" vid_source="C80551AC-39CC-3149-FC78-4A50D59AE6D5" vid_target="A9767C84-AA49-F0B7-0969-26DE62BE44A6">
<hideElementsInCurrentOnly>false</hideElementsInCurrentOnly>
<lineWidth>1</lineWidth>
<points>
<point x="507" y="437"/>
<point x="291" y="437"/>
</points>
</Connector>
<Connector class="oracle.dbtools.crest.swingui.logical.TVRelation" oid="AF8D7772-70AB-C4FF-7028-3FEA156285C9" otype="Relation" vid_source="A9767C84-AA49-F0B7-0969-26DE62BE44A6" vid_target="D6BEDDF0-0FCC-9750-01EE-33F23F49ADC2">
<hideElementsInCurrentOnly>false</hideElementsInCurrentOnly>
<lineWidth>1</lineWidth>
<points>
<point x="291" y="472"/>
<point x="521" y="607"/>
</points>
</Connector>
<Connector class="oracle.dbtools.crest.swingui.logical.TVRelation" oid="DDE340F1-46AA-6744-1664-2DC2D1EB17B0" otype="Relation" vid_source="90CC4A6D-3B19-5F74-0243-A783C13F7951" vid_target="CF61AB56-B42D-2D55-C095-C63F48C33118">
<hideElementsInCurrentOnly>false</hideElementsInCurrentOnly>
<lineWidth>1</lineWidth>
<points>
<point x="1140" y="588"/>
<point x="676" y="793"/>
</points>
</Connector>
<Connector class="oracle.dbtools.crest.swingui.logical.TVRelation" oid="E0AB7776-95A0-9AF2-D073-5984BEB181D1" otype="Relation" vid_source="A9767C84-AA49-F0B7-0969-26DE62BE44A6" vid_target="CF61AB56-B42D-2D55-C095-C63F48C33118">
<hideElementsInCurrentOnly>false</hideElementsInCurrentOnly>
<lineWidth>1</lineWidth>
<points>
<point x="276" y="489"/>
<point x="541" y="787"/>
</points>
</Connector>
</connectors>
</Diagram>