<?xml version = '1.0' encoding = 'UTF-8'?>
<Diagram class="oracle.dbtools.crest.swingui.logical.DPVLogical" name="Logical" id="86F4AA2F-2E97-395E-1119-D4A7BE479294">
<createdBy>mashu</createdBy>
<modifiedBy>mashu</modifiedBy>
<createdTime>2017-11-07 20:08:31 UTC</createdTime>
<autoRoute>false</autoRoute>
<boxInbox>true</boxInbox>
<showLegend>false</showLegend>
<showLabels>false</showLabels>
<showRelAttributes>false</showRelAttributes>
<gridEnabled>false</gridEnabled>
<showGrid>false</showGrid>
<diagramColor>-1</diagramColor>
<display>false</display>
<notation>1</notation>
<objectViews>
<OView class="oracle.dbtools.crest.swingui.logical.TVEntity" oid="04418665-36AE-DEAC-59AD-80391CBE65C7" otype="Entity" vid="6E329F14-3CB8-5516-8976-0ABDF863F3AF">
<hideElementsInCurrentOnly>false</hideElementsInCurrentOnly>
<bounds x="527" y="338" width="154" height="102"/>
</OView>
<OView class="oracle.dbtools.crest.swingui.logical.TVEntity" oid="04C560B9-9B8C-FA2D-B038-403D56F3B9C8" otype="Entity" vid="1C3F6A14-6536-67AE-B695-8D868C8A73E5">
<hideElementsInCurrentOnly>false</hideElementsInCurrentOnly>
<bounds x="339" y="21" width="256" height="156"/>
</OView>
<OView class="oracle.dbtools.crest.swingui.logical.TVEntity" oid="14195FBF-0903-9A14-406D-390C22B4CB85" otype="Entity" vid="3BF0D458-CB47-D9CB-3E28-71D9336A929C">
<hideElementsInCurrentOnly>false</hideElementsInCurrentOnly>
<bounds x="769" y="271" width="147" height="154"/>
</OView>
<OView class="oracle.dbtools.crest.swingui.logical.TVEntity" oid="7794B88B-430E-8C2D-D870-58B768D34C9D" otype="Entity" vid="CBE7B0BC-BF4D-FD0A-F1A3-A046AF6AA073">
<hideElementsInCurrentOnly>false</hideElementsInCurrentOnly>
<bounds x="350" y="608" width="185" height="92"/>
</OView>
<OView class="oracle.dbtools.crest.swingui.logical.TVEntity" oid="98FD5282-8FD1-893E-E694-3E0BBE7140E1" otype="Entity" vid="18DE7EBF-20AD-A48B-DD46-9167C824CC30">
<hideElementsInCurrentOnly>false</hideElementsInCurrentOnly>
<bounds x="28" y="236" width="174" height="143"/>
</OView>
<OView class="oracle.dbtools.crest.swingui.logical.TVEntity" oid="D2074057-9CF0-B938-3ED5-198178742748" otype="Entity" vid="A405E130-ACAC-1FF5-B535-A1DE4C8812C8">
<hideElementsInCurrentOnly>false</hideElementsInCurrentOnly>
<bounds x="379" y="506" width="139" height="104"/>
</OView>
<OView class="oracle.dbtools.crest.swingui.logical.TVEntity" oid="D9F85889-06BD-A8EC-9637-330E2D499D03" otype="Entity" vid="CC61151E-FE7B-1044-94A6-DC6F8A5A78D3">
<hideElementsInCurrentOnly>false</hideElementsInCurrentOnly>
<bounds x="330" y="219" width="135" height="158"/>
</OView>
</objectViews>
<connectors>
<Connector class="oracle.dbtools.crest.swingui.logical.TVRelation" oid="0A13682D-C728-1C0B-295E-6D7D9BEECB3C" otype="Relation" vid_source="1C3F6A14-6536-67AE-B695-8D868C8A73E5" vid_target="18DE7EBF-20AD-A48B-DD46-9167C824CC30">
<hideElementsInCurrentOnly>false</hideElementsInCurrentOnly>
<lineWidth>1</lineWidth>
<points>
<point x="339" y="174"/>
<point x="202" y="255"/>
</points>
</Connector>
<Connector class="oracle.dbtools.crest.swingui.logical.TVRelation" oid="2B3F5C7C-1A5D-A58D-60DF-FD358A3B7095" otype="Relation" vid_source="3BF0D458-CB47-D9CB-3E28-71D9336A929C" vid_target="A405E130-ACAC-1FF5-B535-A1DE4C8812C8">
<hideElementsInCurrentOnly>false</hideElementsInCurrentOnly>
<lineWidth>1</lineWidth>
<points>
<point x="769" y="387"/>
<point x="518" y="520"/>
</points>
</Connector>
<Connector class="oracle.dbtools.crest.swingui.logical.TVRelation" oid="2C4BC564-2149-7F85-3DB2-E71A281C38FD" otype="Relation" vid_source="CC61151E-FE7B-1044-94A6-DC6F8A5A78D3" vid_target="A405E130-ACAC-1FF5-B535-A1DE4C8812C8">
<hideElementsInCurrentOnly>false</hideElementsInCurrentOnly>
<lineWidth>1</lineWidth>
<points>
<point x="422" y="377"/>
<point x="422" y="506"/>
</points>
</Connector>
<Connector class="oracle.dbtools.crest.swingui.logical.TVRelation" oid="59CAF5C0-7ACE-A971-193F-B2D6B6A2B6C7" otype="Relation" vid_source="6E329F14-3CB8-5516-8976-0ABDF863F3AF" vid_target="A405E130-ACAC-1FF5-B535-A1DE4C8812C8">
<hideElementsInCurrentOnly>false</hideElementsInCurrentOnly>
<lineWidth>1</lineWidth>
<points>
<point x="557" y="440"/>
<point x="496" y="506"/>
</points>
</Connector>
<Connector class="oracle.dbtools.crest.swingui.logical.TVRelation" oid="61602C38-176B-D366-54B7-46C31E7F1190" otype="Relation" vid_source="18DE7EBF-20AD-A48B-DD46-9167C824CC30" vid_target="A405E130-ACAC-1FF5-B535-A1DE4C8812C8">
<hideElementsInCurrentOnly>false</hideElementsInCurrentOnly>
<lineWidth>1</lineWidth>
<points>
<point x="202" y="372"/>
<point x="379" y="506"/>
</points>
</Connector>
<Connector class="oracle.dbtools.crest.swingui.logical.TVRelation" oid="724F710F-4D7C-C9A5-DF7A-2E5A82572B59" otype="Relation" vid_source="1C3F6A14-6536-67AE-B695-8D868C8A73E5" vid_target="CC61151E-FE7B-1044-94A6-DC6F8A5A78D3">
<hideElementsInCurrentOnly>false</hideElementsInCurrentOnly>
<lineWidth>1</lineWidth>
<points>
<point x="402" y="177"/>
<point x="402" y="219"/>
</points>
</Connector>
<Connector class="oracle.dbtools.crest.swingui.logical.TVRelation" oid="7CA21F50-5280-467B-05B7-BE9FDA0FC720" otype="Relation" vid_source="18DE7EBF-20AD-A48B-DD46-9167C824CC30" vid_target="CBE7B0BC-BF4D-FD0A-F1A3-A046AF6AA073">
<hideElementsInCurrentOnly>false</hideElementsInCurrentOnly>
<lineWidth>1</lineWidth>
<points>
<point x="182" y="379"/>
<point x="399" y="608"/>
</points>
</Connector>
<Connector class="oracle.dbtools.crest.swingui.logical.TVRelation" oid="9DFB57F8-11C7-F68C-BDE8-2BD52CFBF728" otype="Relation" vid_source="CC61151E-FE7B-1044-94A6-DC6F8A5A78D3" vid_target="18DE7EBF-20AD-A48B-DD46-9167C824CC30">
<hideElementsInCurrentOnly>false</hideElementsInCurrentOnly>
<lineWidth>1</lineWidth>
<points>
<point x="330" y="306"/>
<point x="202" y="306"/>
</points>
</Connector>
<Connector class="oracle.dbtools.crest.swingui.logical.TVRelation" oid="A6EFF6F3-10DD-63E2-36DA-5993878D6A72" otype="Relation" vid_source="CC61151E-FE7B-1044-94A6-DC6F8A5A78D3" vid_target="3BF0D458-CB47-D9CB-3E28-71D9336A929C">
<hideElementsInCurrentOnly>false</hideElementsInCurrentOnly>
<lineWidth>1</lineWidth>
<points>
<point x="465" y="324"/>
<point x="769" y="324"/>
</points>
</Connector>
<Connector class="oracle.dbtools.crest.swingui.logical.TVRelation" oid="A9868776-05D0-E7C8-B32C-5373E77ADC05" otype="Relation" vid_source="3BF0D458-CB47-D9CB-3E28-71D9336A929C" vid_target="CBE7B0BC-BF4D-FD0A-F1A3-A046AF6AA073">
<hideElementsInCurrentOnly>false</hideElementsInCurrentOnly>
<lineWidth>1</lineWidth>
<points>
<point x="769" y="404"/>
<point x="502" y="608"/>
</points>
</Connector>
<Connector class="oracle.dbtools.crest.swingui.logical.TVRelation" oid="B4F403C7-7217-391A-EF1D-4B8F7A0B9651" otype="Relation" vid_source="CC61151E-FE7B-1044-94A6-DC6F8A5A78D3" vid_target="6E329F14-3CB8-5516-8976-0ABDF863F3AF">
<hideElementsInCurrentOnly>false</hideElementsInCurrentOnly>
<lineWidth>1</lineWidth>
<points>
<point x="465" y="357"/>
<point x="527" y="357"/>
</points>
</Connector>
<Connector class="oracle.dbtools.crest.swingui.logical.TVRelation" oid="F65591BA-91C7-F8D8-2CA2-277D1E61E4ED" otype="Relation" vid_source="1C3F6A14-6536-67AE-B695-8D868C8A73E5" vid_target="3BF0D458-CB47-D9CB-3E28-71D9336A929C">
<hideElementsInCurrentOnly>false</hideElementsInCurrentOnly>
<lineWidth>1</lineWidth>
<points>
<point x="584" y="177"/>
<point x="769" y="299"/>
</points>
</Connector>
</connectors>
</Diagram>