<?xml version = '1.0' encoding = 'UTF-8'?>
<Entity class="oracle.dbtools.crest.model.design.logical.Entity" directorySegmentName="seg_0" id="489E268F-575A-D9AC-6723-6FD8DA39C6DA" name="CLAIM">
<createdBy>HoddieMelo</createdBy>
<createdTime>2017-11-01 13:46:02 UTC</createdTime>
<ownerDesignName>123</ownerDesignName>
<engineerTo>
<item key="159220C1-785C-73E3-A8E6-B55ED516DE0F" value="true"/>
</engineerTo>
<adequatelyNormalized>NO</adequatelyNormalized>
<expectedVolumes>0</expectedVolumes>
<fwdEngineeringStrategyName>Single Table</fwdEngineeringStrategyName>
<growthPercent>0</growthPercent>
<growthType>Year</growthType>
<maxVolumes>9999999</maxVolumes>
<minVolumes>0</minVolumes>
<normalForm>Third</normalForm>
<attributes itemClass="oracle.dbtools.crest.model.design.logical.Attribute">
<Attribute name="InsuranceClaimNo" id="5CAB177F-7A95-67C9-E3F6-117430239CC1">
<createdBy>HoddieMelo</createdBy>
<createdTime>2017-11-01 13:46:09 UTC</createdTime>
<ownerDesignName>123</ownerDesignName>
<engineerTo>
<item key="159220C1-785C-73E3-A8E6-B55ED516DE0F" value="true"/>
</engineerTo>
<useDomainConstraints>false</useDomainConstraints>
<use>1</use>
<logicalDatatype>LOGDT019</logicalDatatype>
<dataTypePrecision>5</dataTypePrecision>
<ownDataTypeParameters>,5,</ownDataTypeParameters>
</Attribute>
<Attribute name="InsuranceClaimAmount" id="E8714E27-CFE9-F969-8924-DE79D28D2A8F">
<createdBy>HoddieMelo</createdBy>
<createdTime>2017-11-01 13:46:55 UTC</createdTime>
<ownerDesignName>123</ownerDesignName>
<engineerTo>
<item key="159220C1-785C-73E3-A8E6-B55ED516DE0F" value="true"/>
</engineerTo>
<nullsAllowed>true</nullsAllowed>
<useDomainConstraints>false</useDomainConstraints>
<use>1</use>
<logicalDatatype>LOGDT043</logicalDatatype>
<dataTypePrecision>10</dataTypePrecision>
<ownDataTypeParameters>,10,</ownDataTypeParameters>
</Attribute>
<Attribute name="InsuranceCliamDate" id="605E6266-6D87-9462-08D8-FA5A181475D9">
<createdBy>HoddieMelo</createdBy>
<createdTime>2017-11-01 13:47:21 UTC</createdTime>
<ownerDesignName>123</ownerDesignName>
<engineerTo>
<item key="159220C1-785C-73E3-A8E6-B55ED516DE0F" value="true"/>
</engineerTo>
<nullsAllowed>true</nullsAllowed>
<useDomainConstraints>false</useDomainConstraints>
<use>1</use>
<logicalDatatype>LOGDT007</logicalDatatype>
<ownDataTypeParameters>,,</ownDataTypeParameters>
</Attribute>
<Attribute name="InsuranceClaimType" id="487DC34E-F41A-EA44-A79A-4220FA1E9C9E">
<createdBy>HoddieMelo</createdBy>
<createdTime>2017-11-01 13:47:35 UTC</createdTime>
<ownerDesignName>123</ownerDesignName>
<engineerTo>
<item key="159220C1-785C-73E3-A8E6-B55ED516DE0F" value="true"/>
</engineerTo>
<nullsAllowed>true</nullsAllowed>
<useDomainConstraints>false</useDomainConstraints>
<use>1</use>
<logicalDatatype>LOGDT025</logicalDatatype>
<dataTypeSize>3 CHAR</dataTypeSize>
<ownDataTypeParameters>3 CHAR,,</ownDataTypeParameters>
</Attribute>
<Attribute name="LifePolicyNo" id="3F8C8A22-0DB6-512D-A288-05A645D4B497">
<createdBy>HoddieMelo</createdBy>
<createdTime>2017-11-01 14:00:18 UTC</createdTime>
<generatorID>7CAC7425-3A9D-E171-F116-7B3612945950</generatorID>
<ownerDesignName>123</ownerDesignName>
<engineerTo>
<item key="159220C1-785C-73E3-A8E6-B55ED516DE0F" value="true"/>
</engineerTo>
<referedAttribute>B145A579-FA1C-16C7-3545-BE9D143452E1</referedAttribute>
<useDomainConstraints>false</useDomainConstraints>
<use>1</use>
<logicalDatatype>LOGDT019</logicalDatatype>
<dataTypePrecision>5</dataTypePrecision>
<ownDataTypeParameters>,,</ownDataTypeParameters>
</Attribute>
<Attribute name="AutoPolicyNo" id="121311F3-3368-DB30-1704-3DCAAE9E9616">
<createdBy>HoddieMelo</createdBy>
<createdTime>2017-11-04 12:55:14 UTC</createdTime>
<generatorID>18B7FD79-544A-13DE-EF74-B05EE5BB9FC8</generatorID>
<ownerDesignName>123</ownerDesignName>
<engineerTo>
<item key="159220C1-785C-73E3-A8E6-B55ED516DE0F" value="true"/>
</engineerTo>
<referedAttribute>0EFDFC82-6F0E-B7A1-FE09-6064B4B08C79</referedAttribute>
<useDomainConstraints>false</useDomainConstraints>
<use>1</use>
<logicalDatatype>LOGDT019</logicalDatatype>
<dataTypePrecision>5</dataTypePrecision>
<ownDataTypeParameters>,,</ownDataTypeParameters>
</Attribute>
<Attribute name="ClientID" id="7E0001D1-C22A-2D9F-CB25-F82C502C77AB">
<createdBy>mashu</createdBy>
<createdTime>2017-11-07 19:27:03 UTC</createdTime>
<generatorID>7CAC7425-3A9D-E171-F116-7B3612945950</generatorID>
<ownerDesignName>123</ownerDesignName>
<engineerTo>
<item key="159220C1-785C-73E3-A8E6-B55ED516DE0F" value="true"/>
</engineerTo>
<referedAttribute>CA541E6A-E9E5-7B11-AA9A-1D4598C0C5BD</referedAttribute>
<useDomainConstraints>false</useDomainConstraints>
<use>1</use>
<logicalDatatype>LOGDT019</logicalDatatype>
<dataTypePrecision>5</dataTypePrecision>
<ownDataTypeParameters>,,</ownDataTypeParameters>
</Attribute>
</attributes>
<identifiers itemClass="oracle.dbtools.crest.model.design.logical.CandidateKey">
<identifier id="BBD714B1-83A7-DF28-40E6-7B1726C619FB" name="CLAIM PK">
<createdBy>HoddieMelo</createdBy>
<createdTime>2017-11-01 13:46:29 UTC</createdTime>
<ownerDesignName>123</ownerDesignName>
<shouldEngineer>false</shouldEngineer>
<engineerTo>
<item key="159220C1-785C-73E3-A8E6-B55ED516DE0F" value="false"/>
</engineerTo>
<pk>true</pk>
<usedAttributes>
<attributeRef>5CAB177F-7A95-67C9-E3F6-117430239CC1</attributeRef>
</usedAttributes>
</identifier>
</identifiers>
</Entity>