<?xml version = '1.0' encoding = 'UTF-8'?>
<Entity class="oracle.dbtools.crest.model.design.logical.Entity" directorySegmentName="seg_0" id="644F95D4-13F4-A735-10EA-F9AEB1E68407" name="INVOICE">
<createdBy>HoddieMelo</createdBy>
<createdTime>2017-11-01 13:49:05 UTC</createdTime>
<ownerDesignName>123</ownerDesignName>
<engineerTo>
<item key="159220C1-785C-73E3-A8E6-B55ED516DE0F" value="true"/>
</engineerTo>
<adequatelyNormalized>NO</adequatelyNormalized>
<expectedVolumes>0</expectedVolumes>
<fwdEngineeringStrategyName>Single Table</fwdEngineeringStrategyName>
<growthPercent>0</growthPercent>
<growthType>Year</growthType>
<maxVolumes>9999999</maxVolumes>
<minVolumes>0</minVolumes>
<normalForm>Third</normalForm>
<attributes itemClass="oracle.dbtools.crest.model.design.logical.Attribute">
<Attribute name="InvoiceNo" id="92990271-CA13-92E5-B418-B2839C42FE2B">
<createdBy>HoddieMelo</createdBy>
<createdTime>2017-11-01 13:49:11 UTC</createdTime>
<ownerDesignName>123</ownerDesignName>
<engineerTo>
<item key="159220C1-785C-73E3-A8E6-B55ED516DE0F" value="true"/>
</engineerTo>
<useDomainConstraints>false</useDomainConstraints>
<use>1</use>
<logicalDatatype>LOGDT019</logicalDatatype>
<dataTypePrecision>5</dataTypePrecision>
<ownDataTypeParameters>,5,</ownDataTypeParameters>
</Attribute>
<Attribute name="InvoiceAmountDue" id="1EF98A38-A641-22B9-63F0-F8A872AAAD5C">
<createdBy>HoddieMelo</createdBy>
<createdTime>2017-11-01 13:49:37 UTC</createdTime>
<ownerDesignName>123</ownerDesignName>
<engineerTo>
<item key="159220C1-785C-73E3-A8E6-B55ED516DE0F" value="true"/>
</engineerTo>
<nullsAllowed>true</nullsAllowed>
<useDomainConstraints>false</useDomainConstraints>
<use>1</use>
<logicalDatatype>LOGDT043</logicalDatatype>
<dataTypePrecision>10</dataTypePrecision>
<ownDataTypeParameters>,10,</ownDataTypeParameters>
</Attribute>
<Attribute name="InvoiceDate" id="EA709872-407B-3C1F-8D63-A9B86FA85890">
<createdBy>HoddieMelo</createdBy>
<createdTime>2017-11-01 13:50:02 UTC</createdTime>
<ownerDesignName>123</ownerDesignName>
<engineerTo>
<item key="159220C1-785C-73E3-A8E6-B55ED516DE0F" value="true"/>
</engineerTo>
<nullsAllowed>true</nullsAllowed>
<useDomainConstraints>false</useDomainConstraints>
<use>1</use>
<logicalDatatype>LOGDT007</logicalDatatype>
<ownDataTypeParameters>,,</ownDataTypeParameters>
</Attribute>
<Attribute name="InvoiceDueDate" id="6A2BF9F5-D512-3104-A5CF-B732AD29B311">
<createdBy>HoddieMelo</createdBy>
<createdTime>2017-11-01 13:50:22 UTC</createdTime>
<ownerDesignName>123</ownerDesignName>
<engineerTo>
<item key="159220C1-785C-73E3-A8E6-B55ED516DE0F" value="true"/>
</engineerTo>
<nullsAllowed>true</nullsAllowed>
<useDomainConstraints>false</useDomainConstraints>
<use>1</use>
<logicalDatatype>LOGDT007</logicalDatatype>
<ownDataTypeParameters>,,</ownDataTypeParameters>
</Attribute>
<Attribute name="InvoicePolicyType" id="A5E43CD1-D262-241B-0045-58547E405EC0">
<createdBy>HoddieMelo</createdBy>
<createdTime>2017-11-01 13:50:34 UTC</createdTime>
<ownerDesignName>123</ownerDesignName>
<engineerTo>
<item key="159220C1-785C-73E3-A8E6-B55ED516DE0F" value="true"/>
</engineerTo>
<nullsAllowed>true</nullsAllowed>
<useDomainConstraints>false</useDomainConstraints>
<use>1</use>
<logicalDatatype>LOGDT033</logicalDatatype>
<ownDataTypeParameters>,,</ownDataTypeParameters>
</Attribute>
<Attribute name="ClientID" id="3CB5E2CE-B25A-9615-D0E5-DD54976262C8">
<createdBy>HoddieMelo</createdBy>
<createdTime>2017-11-01 14:05:13 UTC</createdTime>
<generatorID>9670257B-202A-E8B7-832D-2AF7455316CD</generatorID>
<ownerDesignName>123</ownerDesignName>
<engineerTo>
<item key="159220C1-785C-73E3-A8E6-B55ED516DE0F" value="true"/>
</engineerTo>
<referedAttribute>4A42542C-FBD1-E4A6-0700-1ABA091C5870</referedAttribute>
<useDomainConstraints>false</useDomainConstraints>
<use>1</use>
<logicalDatatype>LOGDT019</logicalDatatype>
<dataTypePrecision>5</dataTypePrecision>
<ownDataTypeParameters>,,</ownDataTypeParameters>
</Attribute>
<Attribute name="PaymentNo" id="7FE6A684-5802-C6E2-0271-5164A4B45948">
<createdBy>HoddieMelo</createdBy>
<createdTime>2017-11-01 14:05:38 UTC</createdTime>
<generatorID>8D78F37B-1ACA-9061-E2C2-AE21F8F2DF75</generatorID>
<ownerDesignName>123</ownerDesignName>
<engineerTo>
<item key="159220C1-785C-73E3-A8E6-B55ED516DE0F" value="true"/>
</engineerTo>
<referedAttribute>ACF12FAC-8F62-0018-EB22-84E0E6065232</referedAttribute>
<useDomainConstraints>false</useDomainConstraints>
<use>1</use>
<logicalDatatype>LOGDT019</logicalDatatype>
<dataTypePrecision>5</dataTypePrecision>
<ownDataTypeParameters>,,</ownDataTypeParameters>
</Attribute>
<Attribute name="LifePolicyNo" id="403288DC-C45F-9F56-CA2F-50C66F6DB6A6">
<createdBy>MrBla</createdBy>
<createdTime>2017-11-04 21:09:36 UTC</createdTime>
<generatorID>8C741241-9A34-E9CE-9B72-C1FBC1E62737</generatorID>
<ownerDesignName>123</ownerDesignName>
<engineerTo>
<item key="159220C1-785C-73E3-A8E6-B55ED516DE0F" value="true"/>
</engineerTo>
<referedAttribute>B145A579-FA1C-16C7-3545-BE9D143452E1</referedAttribute>
<useDomainConstraints>false</useDomainConstraints>
<use>1</use>
<logicalDatatype>LOGDT019</logicalDatatype>
<dataTypePrecision>5</dataTypePrecision>
<ownDataTypeParameters>,,</ownDataTypeParameters>
</Attribute>
<Attribute name="AutoPolicyNo" id="E567325E-1A43-C20B-806A-4E663647A2FC">
<createdBy>MrBla</createdBy>
<createdTime>2017-11-04 21:09:48 UTC</createdTime>
<generatorID>DF500BA6-92E6-985B-B33C-903B77121AD3</generatorID>
<ownerDesignName>123</ownerDesignName>
<engineerTo>
<item key="159220C1-785C-73E3-A8E6-B55ED516DE0F" value="true"/>
</engineerTo>
<referedAttribute>0EFDFC82-6F0E-B7A1-FE09-6064B4B08C79</referedAttribute>
<useDomainConstraints>false</useDomainConstraints>
<use>1</use>
<logicalDatatype>LOGDT019</logicalDatatype>
<dataTypePrecision>5</dataTypePrecision>
<ownDataTypeParameters>,,</ownDataTypeParameters>
</Attribute>
<Attribute name="InsuranceCoAdd" id="AB4549BB-E87D-06CC-3F19-3F8F00742F62">
<createdBy>mashu</createdBy>
<createdTime>2017-11-07 19:20:56 UTC</createdTime>
<ownerDesignName>123</ownerDesignName>
<engineerTo>
<item key="159220C1-785C-73E3-A8E6-B55ED516DE0F" value="true"/>
</engineerTo>
<nullsAllowed>true</nullsAllowed>
<useDomainConstraints>false</useDomainConstraints>
<use>1</use>
<logicalDatatype>LOGDT025</logicalDatatype>
<dataTypeSize>30</dataTypeSize>
<ownDataTypeParameters>30,,</ownDataTypeParameters>
</Attribute>
<Attribute name="InsuranceCoName" id="9872D00F-5F27-C0D6-BA4F-5C02F2B4A519">
<createdBy>mashu</createdBy>
<createdTime>2017-11-07 19:21:27 UTC</createdTime>
<ownerDesignName>123</ownerDesignName>
<engineerTo>
<item key="159220C1-785C-73E3-A8E6-B55ED516DE0F" value="true"/>
</engineerTo>
<nullsAllowed>true</nullsAllowed>
<useDomainConstraints>false</useDomainConstraints>
<use>1</use>
<logicalDatatype>LOGDT025</logicalDatatype>
<dataTypeSize>20</dataTypeSize>
<ownDataTypeParameters>20,,</ownDataTypeParameters>
</Attribute>
<Attribute name="InsuranceCoPhone" id="9E8DDE17-12DB-0D52-EC67-FF840DA80D11">
<createdBy>mashu</createdBy>
<createdTime>2017-11-07 19:21:51 UTC</createdTime>
<ownerDesignName>123</ownerDesignName>
<engineerTo>
<item key="159220C1-785C-73E3-A8E6-B55ED516DE0F" value="true"/>
</engineerTo>
<nullsAllowed>true</nullsAllowed>
<useDomainConstraints>false</useDomainConstraints>
<use>1</use>
<logicalDatatype>LOGDT019</logicalDatatype>
<dataTypePrecision>10</dataTypePrecision>
<dataTypeScale>10</dataTypeScale>
<ownDataTypeParameters>,10,10</ownDataTypeParameters>
</Attribute>
<Attribute name="ClientID1" id="C04978C8-A830-35C1-728C-B90E32C2E1C2">
<createdBy>mashu</createdBy>
<createdTime>2017-11-07 19:27:03 UTC</createdTime>
<generatorID>8C741241-9A34-E9CE-9B72-C1FBC1E62737</generatorID>
<ownerDesignName>123</ownerDesignName>
<engineerTo>
<item key="159220C1-785C-73E3-A8E6-B55ED516DE0F" value="true"/>
</engineerTo>
<referedAttribute>CA541E6A-E9E5-7B11-AA9A-1D4598C0C5BD</referedAttribute>
<useDomainConstraints>false</useDomainConstraints>
<use>1</use>
<logicalDatatype>LOGDT019</logicalDatatype>
<dataTypePrecision>5</dataTypePrecision>
<ownDataTypeParameters>,,</ownDataTypeParameters>
</Attribute>
</attributes>
<identifiers itemClass="oracle.dbtools.crest.model.design.logical.CandidateKey">
<identifier id="C25A12A0-67CF-448A-FDDB-FA74B55B8B38" name="INVOICE PK">
<createdBy>HoddieMelo</createdBy>
<createdTime>2017-11-01 13:49:34 UTC</createdTime>
<ownerDesignName>123</ownerDesignName>
<shouldEngineer>false</shouldEngineer>
<engineerTo>
<item key="159220C1-785C-73E3-A8E6-B55ED516DE0F" value="false"/>
</engineerTo>
<pk>true</pk>
<usedAttributes>
<attributeRef>92990271-CA13-92E5-B418-B2839C42FE2B</attributeRef>
</usedAttributes>
</identifier>
</identifiers>
</Entity>