<?xml version = '1.0' encoding = 'UTF-8'?>
<Entity class="oracle.dbtools.crest.model.design.logical.Entity" directorySegmentName="seg_0" id="96BF066C-6C71-6E49-C189-CA417358D26F" name="AUTOPOLICY">
<createdBy>HoddieMelo</createdBy>
<createdTime>2017-11-01 13:38:48 UTC</createdTime>
<ownerDesignName>123</ownerDesignName>
<engineerTo>
<item key="159220C1-785C-73E3-A8E6-B55ED516DE0F" value="true"/>
</engineerTo>
<adequatelyNormalized>NO</adequatelyNormalized>
<expectedVolumes>0</expectedVolumes>
<fwdEngineeringStrategyName>Single Table</fwdEngineeringStrategyName>
<growthPercent>0</growthPercent>
<growthType>Year</growthType>
<maxVolumes>9999999</maxVolumes>
<minVolumes>0</minVolumes>
<normalForm>Third</normalForm>
<attributes itemClass="oracle.dbtools.crest.model.design.logical.Attribute">
<Attribute name="AutoPolicyNo" id="0EFDFC82-6F0E-B7A1-FE09-6064B4B08C79">
<createdBy>HoddieMelo</createdBy>
<createdTime>2017-11-04 12:54:40 UTC</createdTime>
<ownerDesignName>123</ownerDesignName>
<engineerTo>
<item key="159220C1-785C-73E3-A8E6-B55ED516DE0F" value="true"/>
</engineerTo>
<useDomainConstraints>false</useDomainConstraints>
<use>1</use>
<logicalDatatype>LOGDT019</logicalDatatype>
<dataTypePrecision>5</dataTypePrecision>
<ownDataTypeParameters>,5,</ownDataTypeParameters>
</Attribute>
<Attribute name="AutoPolicyDamageAmt" id="B8F29F56-55DA-69E4-6B5D-5F8A4C335304">
<createdBy>HoddieMelo</createdBy>
<createdTime>2017-11-01 13:39:11 UTC</createdTime>
<ownerDesignName>123</ownerDesignName>
<engineerTo>
<item key="159220C1-785C-73E3-A8E6-B55ED516DE0F" value="true"/>
</engineerTo>
<nullsAllowed>true</nullsAllowed>
<useDomainConstraints>false</useDomainConstraints>
<use>1</use>
<logicalDatatype>LOGDT043</logicalDatatype>
<dataTypePrecision>10</dataTypePrecision>
<ownDataTypeParameters>,10,</ownDataTypeParameters>
</Attribute>
<Attribute name="AutoPolicyDate" id="6DAA14DD-5D4D-0992-AAAA-08476FFD1E1B">
<createdBy>MrBla</createdBy>
<createdTime>2017-11-04 21:12:13 UTC</createdTime>
<ownerDesignName>123</ownerDesignName>
<engineerTo>
<item key="159220C1-785C-73E3-A8E6-B55ED516DE0F" value="true"/>
</engineerTo>
<nullsAllowed>true</nullsAllowed>
<useDomainConstraints>false</useDomainConstraints>
<use>1</use>
<logicalDatatype>LOGDT007</logicalDatatype>
<ownDataTypeParameters>,,</ownDataTypeParameters>
</Attribute>
<Attribute name="CarMakeD" id="AE38A7F3-9190-F77D-F48D-5D6A72F736F4">
<createdBy>HoddieMelo</createdBy>
<createdTime>2017-11-04 13:13:43 UTC</createdTime>
<ownerDesignName>123</ownerDesignName>
<engineerTo>
<item key="159220C1-785C-73E3-A8E6-B55ED516DE0F" value="true"/>
</engineerTo>
<nullsAllowed>true</nullsAllowed>
<useDomainConstraints>false</useDomainConstraints>
<use>1</use>
<logicalDatatype>LOGDT025</logicalDatatype>
<dataTypeSize>10 CHAR</dataTypeSize>
<ownDataTypeParameters>10 CHAR,,</ownDataTypeParameters>
</Attribute>
<Attribute name="CarModelD" id="228C5268-390B-66A0-F843-776C312B7698">
<createdBy>HoddieMelo</createdBy>
<createdTime>2017-11-04 13:14:23 UTC</createdTime>
<ownerDesignName>123</ownerDesignName>
<engineerTo>
<item key="159220C1-785C-73E3-A8E6-B55ED516DE0F" value="true"/>
</engineerTo>
<nullsAllowed>true</nullsAllowed>
<useDomainConstraints>false</useDomainConstraints>
<use>1</use>
<logicalDatatype>LOGDT025</logicalDatatype>
<dataTypeSize>10 CHAR</dataTypeSize>
<ownDataTypeParameters>10 CHAR,,</ownDataTypeParameters>
</Attribute>
<Attribute name="CarRegistrationNoD" id="AA7B68F3-EA05-C407-4CEE-5843FAEFDD29">
<createdBy>HoddieMelo</createdBy>
<createdTime>2017-11-04 13:14:41 UTC</createdTime>
<ownerDesignName>123</ownerDesignName>
<engineerTo>
<item key="159220C1-785C-73E3-A8E6-B55ED516DE0F" value="true"/>
</engineerTo>
<nullsAllowed>true</nullsAllowed>
<useDomainConstraints>false</useDomainConstraints>
<use>1</use>
<logicalDatatype>LOGDT019</logicalDatatype>
<dataTypePrecision>10</dataTypePrecision>
<ownDataTypeParameters>,10,</ownDataTypeParameters>
</Attribute>
<Attribute name="AgentID" id="5F2FE9BC-C101-05EC-0998-5D1821D8244E">
<createdBy>HoddieMelo</createdBy>
<createdTime>2017-11-01 13:59:34 UTC</createdTime>
<generatorID>8D2B827F-01DC-A74C-9746-FCE89EBA2D26</generatorID>
<ownerDesignName>123</ownerDesignName>
<engineerTo>
<item key="159220C1-785C-73E3-A8E6-B55ED516DE0F" value="true"/>
</engineerTo>
<referedAttribute>4BCA7945-DA7F-AD05-6F18-A0A8F9EB5A04</referedAttribute>
<useDomainConstraints>false</useDomainConstraints>
<use>1</use>
<logicalDatatype>LOGDT019</logicalDatatype>
<dataTypePrecision>5</dataTypePrecision>
<ownDataTypeParameters>,,</ownDataTypeParameters>
</Attribute>
<Attribute name="ClientID" id="91862DDF-CCE4-CED7-B315-641885796E29">
<createdBy>HoddieMelo</createdBy>
<createdTime>2017-11-01 13:58:57 UTC</createdTime>
<generatorID>71FEB4B0-6A08-A4E2-50A4-9979BA000A81</generatorID>
<ownerDesignName>123</ownerDesignName>
<engineerTo>
<item key="159220C1-785C-73E3-A8E6-B55ED516DE0F" value="true"/>
</engineerTo>
<referedAttribute>4A42542C-FBD1-E4A6-0700-1ABA091C5870</referedAttribute>
<useDomainConstraints>false</useDomainConstraints>
<use>1</use>
<logicalDatatype>LOGDT019</logicalDatatype>
<dataTypePrecision>5</dataTypePrecision>
<ownDataTypeParameters>,,</ownDataTypeParameters>
</Attribute>
</attributes>
<identifiers itemClass="oracle.dbtools.crest.model.design.logical.CandidateKey">
<identifier id="5955F4AD-2B23-F3C7-88DF-105B9B32E80D" name="AUTOPOLICY PK">
<createdBy>HoddieMelo</createdBy>
<createdTime>2017-11-04 12:55:13 UTC</createdTime>
<ownerDesignName>123</ownerDesignName>
<engineerTo>
<item key="159220C1-785C-73E3-A8E6-B55ED516DE0F" value="true"/>
</engineerTo>
<pk>true</pk>
<usedAttributes>
<attributeRef>0EFDFC82-6F0E-B7A1-FE09-6064B4B08C79</attributeRef>
</usedAttributes>
</identifier>
</identifiers>
</Entity>