<?xml version = '1.0' encoding = 'UTF-8'?>
<Table class="oracle.dbtools.crest.model.design.relational.Table" directorySegmentName="seg_0" id="2BA737AB-5EEA-9BB6-A0CA-1BFE2523FC5A" name="CAR">
<createdBy>mashu</createdBy>
<createdTime>2017-11-07 20:20:41 UTC</createdTime>
<ownerDesignName>123</ownerDesignName>
<ordsAlias>table_25</ordsAlias>
<allowColumnReorder>false</allowColumnReorder>
<existDependencyGenerateInDDl>true</existDependencyGenerateInDDl>
<parsed>true</parsed>
<columns itemClass="oracle.dbtools.crest.model.design.relational.Column">
<Column name="CarRegistrationNoD" id="9ADE24D8-A81F-0AED-4247-16F01C8F8170">
<createdBy>mashu</createdBy>
<createdTime>2017-11-07 20:21:58 UTC</createdTime>
<ownerDesignName>123</ownerDesignName>
<useDomainConstraints>false</useDomainConstraints>
<use>1</use>
<logicalDatatype>LOGDT019</logicalDatatype>
<dataTypePrecision>10</dataTypePrecision>
<dataTypeScale>10</dataTypeScale>
<ownDataTypeParameters>,10,10</ownDataTypeParameters>
<autoIncrementCycle>false</autoIncrementCycle>
</Column>
<Column name="CarMakeD" id="32E69D9F-B6E0-A2D6-41A3-9DB0C9DCAD28">
<createdBy>mashu</createdBy>
<createdTime>2017-11-07 20:22:42 UTC</createdTime>
<ownerDesignName>123</ownerDesignName>
<nullsAllowed>true</nullsAllowed>
<useDomainConstraints>false</useDomainConstraints>
<use>1</use>
<logicalDatatype>LOGDT025</logicalDatatype>
<dataTypeSize>10</dataTypeSize>
<ownDataTypeParameters>10,,</ownDataTypeParameters>
<autoIncrementCycle>false</autoIncrementCycle>
</Column>
<Column name="CarModelD" id="200295FE-F51E-70DE-BB83-406CF5BB670E">
<createdBy>mashu</createdBy>
<createdTime>2017-11-07 20:23:03 UTC</createdTime>
<ownerDesignName>123</ownerDesignName>
<nullsAllowed>true</nullsAllowed>
<useDomainConstraints>false</useDomainConstraints>
<use>1</use>
<logicalDatatype>LOGDT025</logicalDatatype>
<dataTypeSize>10 CHAR</dataTypeSize>
<ownDataTypeParameters>10 CHAR,,</ownDataTypeParameters>
<autoIncrementCycle>false</autoIncrementCycle>
</Column>
</columns>
<indexes itemClass="oracle.dbtools.crest.model.design.relational.Index">
<ind_PK_UK id="1C794C79-1F35-42D1-FC7E-239917D48235" name="CAR_PK">
<createdBy>mashu</createdBy>
<createdTime>2017-11-07 20:21:58 UTC</createdTime>
<ownerDesignName>123</ownerDesignName>
<pk>true</pk>
<indexState>Primary Constraint</indexState>
<isSurrogateKey>false</isSurrogateKey>
<indexColumnUsage>
<colUsage columnID="9ADE24D8-A81F-0AED-4247-16F01C8F8170"/>
</indexColumnUsage>
</ind_PK_UK>
</indexes>
</Table>