<?xml version = '1.0' encoding = 'UTF-8'?>
<Table class="oracle.dbtools.crest.model.design.relational.Table" directorySegmentName="seg_0" id="4C939B9B-144D-A8BF-7F88-A4AE66C8E1FF" name="CLIENT">
<createdBy>mashu</createdBy>
<createdTime>2017-11-07 19:33:55 UTC</createdTime>
<generatorID>62B8AE91-16F2-B216-24D9-983234984606</generatorID>
<ownerDesignName>123</ownerDesignName>
<allowColumnReorder>false</allowColumnReorder>
<existDependencyGenerateInDDl>true</existDependencyGenerateInDDl>
<parsed>true</parsed>
<columns itemClass="oracle.dbtools.crest.model.design.relational.Column">
<Column name="ClientID" id="76194154-9B69-0AB0-44AE-99F889B2A4F3">
<createdBy>mashu</createdBy>
<createdTime>2017-11-07 19:33:55 UTC</createdTime>
<generatorID>4A42542C-FBD1-E4A6-0700-1ABA091C5870</generatorID>
<ownerDesignName>123</ownerDesignName>
<useDomainConstraints>false</useDomainConstraints>
<use>1</use>
<logicalDatatype>LOGDT019</logicalDatatype>
<dataTypePrecision>5</dataTypePrecision>
<ownDataTypeParameters>,5,</ownDataTypeParameters>
<autoIncrementCycle>false</autoIncrementCycle>
</Column>
<Column name="ClientAddress" id="2FF3135A-E8B7-ECDB-9CB7-2B2EFB610A5D">
<createdBy>mashu</createdBy>
<createdTime>2017-11-07 19:33:55 UTC</createdTime>
<generatorID>89DCADE0-8004-83A0-1F2C-3A5EBCF81DEB</generatorID>
<ownerDesignName>123</ownerDesignName>
<useDomainConstraints>false</useDomainConstraints>
<use>1</use>
<logicalDatatype>LOGDT025</logicalDatatype>
<dataTypeSize>30 CHAR</dataTypeSize>
<ownDataTypeParameters>30 CHAR,,</ownDataTypeParameters>
<autoIncrementCycle>false</autoIncrementCycle>
</Column>
<Column name="ClientDOB" id="317B4BB2-E7C9-7CBD-0919-419CC9A32453">
<createdBy>mashu</createdBy>
<createdTime>2017-11-07 19:33:55 UTC</createdTime>
<generatorID>EF38677F-6532-D7E3-6305-4F6A68D4B8F6</generatorID>
<ownerDesignName>123</ownerDesignName>
<nullsAllowed>true</nullsAllowed>
<useDomainConstraints>false</useDomainConstraints>
<use>1</use>
<logicalDatatype>LOGDT007</logicalDatatype>
<ownDataTypeParameters>,,</ownDataTypeParameters>
<autoIncrementCycle>false</autoIncrementCycle>
</Column>
<Column name="ClientName" id="3A3F9663-4775-D2DC-C7C4-D5EE852CD494">
<createdBy>mashu</createdBy>
<createdTime>2017-11-07 19:33:55 UTC</createdTime>
<generatorID>3027CE27-0769-B86A-1BA4-96B902DDF710</generatorID>
<ownerDesignName>123</ownerDesignName>
<nullsAllowed>true</nullsAllowed>
<useDomainConstraints>false</useDomainConstraints>
<use>1</use>
<logicalDatatype>LOGDT025</logicalDatatype>
<dataTypeSize>10 CHAR</dataTypeSize>
<ownDataTypeParameters>10 CHAR,,</ownDataTypeParameters>
<autoIncrementCycle>false</autoIncrementCycle>
</Column>
<Column name="ClientPhoneNo" id="6B9D0CE0-C9C1-145C-E62F-CECE179A3BF7">
<createdBy>mashu</createdBy>
<createdTime>2017-11-07 19:33:55 UTC</createdTime>
<generatorID>4137123C-15D4-A033-573B-0F9EFD2E2B26</generatorID>
<ownerDesignName>123</ownerDesignName>
<nullsAllowed>true</nullsAllowed>
<useDomainConstraints>false</useDomainConstraints>
<use>1</use>
<logicalDatatype>LOGDT019</logicalDatatype>
<dataTypePrecision>10</dataTypePrecision>
<ownDataTypeParameters>,10,</ownDataTypeParameters>
<autoIncrementCycle>false</autoIncrementCycle>
</Column>
<Column name="AGENT_AgentID" id="8E57AE3D-BCD3-2483-0B8C-53F8B598506C">
<createdBy>mashu</createdBy>
<createdTime>2017-11-07 19:33:55 UTC</createdTime>
<generatorID>B2DBD7B3-72DC-8615-1863-635C7B729D3C</generatorID>
<ownerDesignName>123</ownerDesignName>
<useDomainConstraints>false</useDomainConstraints>
<use>1</use>
<logicalDatatype>LOGDT019</logicalDatatype>
<dataTypePrecision>5</dataTypePrecision>
<ownDataTypeParameters>,,</ownDataTypeParameters>
<previousColumn>false</previousColumn>
<autoIncrementCycle>false</autoIncrementCycle>
<associations>
<colAssociation fkAssociation="B09A9557-F5EF-D5DA-A7AB-52128CD5DB04" referredColumn="8DE867F3-F483-836E-41A4-38D6674B4ADB"/>
</associations>
</Column>
<Column name="AGENT_CLIENT_ClientID" id="E57AFC02-40FD-0BA9-29A7-9E972BDAEE03">
<createdBy>mashu</createdBy>
<createdTime>2017-11-07 19:52:27 UTC</createdTime>
<ownerDesignName>123</ownerDesignName>
<useDomainConstraints>false</useDomainConstraints>
<use>1</use>
<logicalDatatype>LOGDT019</logicalDatatype>
<ownDataTypeParameters>,,</ownDataTypeParameters>
<previousColumn>false</previousColumn>
<autoIncrementCycle>false</autoIncrementCycle>
</Column>
</columns>
<indexes itemClass="oracle.dbtools.crest.model.design.relational.Index">
<ind_PK_UK id="93AE09BC-1E5F-273A-F166-66335CE47781" name="CLIENT_PK">
<createdBy>mashu</createdBy>
<createdTime>2017-11-07 19:33:55 UTC</createdTime>
<generatorID>F7042975-83B4-288C-2A34-A293D2F97F06</generatorID>
<ownerDesignName>123</ownerDesignName>
<pk>true</pk>
<indexState>Primary Constraint</indexState>
<isSurrogateKey>false</isSurrogateKey>
<indexColumnUsage>
<colUsage columnID="76194154-9B69-0AB0-44AE-99F889B2A4F3"/>
</indexColumnUsage>
</ind_PK_UK>
<ind_PK_UK id="B05EED9F-AAAD-66D0-4404-99F0CFE0B2CB" name="CLIENT_AGENT_FK">
<createdBy>mashu</createdBy>
<createdTime>2017-11-07 19:33:55 UTC</createdTime>
<generatorID>242BB873-73C5-97BA-7CE6-67C2272343D7</generatorID>
<ownerDesignName>123</ownerDesignName>
<indexState>Foreign Key</indexState>
<isSurrogateKey>false</isSurrogateKey>
<indexColumnUsage>
<colUsage columnID="8E57AE3D-BCD3-2483-0B8C-53F8B598506C"/>
</indexColumnUsage>
</ind_PK_UK>
</indexes>
</Table>