<?xml version = '1.0' encoding = 'UTF-8'?>
<Table class="oracle.dbtools.crest.model.design.relational.Table" directorySegmentName="seg_0" id="4F16EBA4-CF28-0B4B-CE38-F33D7ADEA96F" name="PAYMENT">
<createdBy>mashu</createdBy>
<createdTime>2017-11-07 19:33:55 UTC</createdTime>
<generatorID>EE485780-FD63-F526-A48E-3CC250BDE0C9</generatorID>
<ownerDesignName>123</ownerDesignName>
<allowColumnReorder>false</allowColumnReorder>
<existDependencyGenerateInDDl>true</existDependencyGenerateInDDl>
<parsed>true</parsed>
<columns itemClass="oracle.dbtools.crest.model.design.relational.Column">
<Column name="PaymentNo" id="F6185F17-647E-58DC-BC4A-3D6C4DD46701">
<createdBy>mashu</createdBy>
<createdTime>2017-11-07 19:33:55 UTC</createdTime>
<generatorID>ACF12FAC-8F62-0018-EB22-84E0E6065232</generatorID>
<ownerDesignName>123</ownerDesignName>
<useDomainConstraints>false</useDomainConstraints>
<use>1</use>
<logicalDatatype>LOGDT019</logicalDatatype>
<dataTypePrecision>5</dataTypePrecision>
<ownDataTypeParameters>,5,</ownDataTypeParameters>
<autoIncrementCycle>false</autoIncrementCycle>
</Column>
<Column name="PaymentAmount" id="74282D6B-CAFE-6F89-49B3-450944089B61">
<createdBy>mashu</createdBy>
<createdTime>2017-11-07 19:33:55 UTC</createdTime>
<generatorID>3E007469-C199-01E4-905E-4296D5FED82E</generatorID>
<ownerDesignName>123</ownerDesignName>
<nullsAllowed>true</nullsAllowed>
<useDomainConstraints>false</useDomainConstraints>
<use>1</use>
<logicalDatatype>LOGDT043</logicalDatatype>
<dataTypePrecision>10</dataTypePrecision>
<ownDataTypeParameters>,10,</ownDataTypeParameters>
<autoIncrementCycle>false</autoIncrementCycle>
</Column>
<Column name="PaymentDate" id="BE9C8CDF-C569-AEA5-869D-080B7BCB73A9">
<createdBy>mashu</createdBy>
<createdTime>2017-11-07 19:33:55 UTC</createdTime>
<generatorID>95E04BB3-3C52-1644-5448-556125F63384</generatorID>
<ownerDesignName>123</ownerDesignName>
<nullsAllowed>true</nullsAllowed>
<useDomainConstraints>false</useDomainConstraints>
<use>1</use>
<logicalDatatype>LOGDT007</logicalDatatype>
<ownDataTypeParameters>,,</ownDataTypeParameters>
<autoIncrementCycle>false</autoIncrementCycle>
</Column>
<Column name="PaymenPolicyType" id="36FC195B-FCC2-A19F-EC31-4590B99CA1C3">
<createdBy>mashu</createdBy>
<createdTime>2017-11-07 19:33:55 UTC</createdTime>
<generatorID>AE90AEB6-E4E8-DBD8-1D0A-56E1F2FE83C0</generatorID>
<ownerDesignName>123</ownerDesignName>
<nullsAllowed>true</nullsAllowed>
<useDomainConstraints>false</useDomainConstraints>
<use>1</use>
<logicalDatatype>LOGDT033</logicalDatatype>
<ownDataTypeParameters>,,</ownDataTypeParameters>
<autoIncrementCycle>false</autoIncrementCycle>
</Column>
<Column name="PaymentType" id="F0CE2175-6C43-1918-1D58-4C7776EFFE15">
<createdBy>mashu</createdBy>
<createdTime>2017-11-07 19:33:55 UTC</createdTime>
<generatorID>87287401-B379-FC1B-C04B-B228BB7F69F9</generatorID>
<ownerDesignName>123</ownerDesignName>
<nullsAllowed>true</nullsAllowed>
<useDomainConstraints>false</useDomainConstraints>
<use>1</use>
<logicalDatatype>LOGDT025</logicalDatatype>
<dataTypeSize>3 CHAR</dataTypeSize>
<ownDataTypeParameters>3 CHAR,,</ownDataTypeParameters>
<autoIncrementCycle>false</autoIncrementCycle>
</Column>
<Column name="CLIENT_ClientID" id="59ADAD56-0C7A-C572-44B0-1EA8737F32A2">
<createdBy>mashu</createdBy>
<createdTime>2017-11-07 19:33:55 UTC</createdTime>
<generatorID>0B42ED18-A19A-DE9A-4432-5D3CA2B7A7E6</generatorID>
<ownerDesignName>123</ownerDesignName>
<useDomainConstraints>false</useDomainConstraints>
<use>1</use>
<logicalDatatype>LOGDT019</logicalDatatype>
<dataTypePrecision>5</dataTypePrecision>
<ownDataTypeParameters>,,</ownDataTypeParameters>
<previousColumn>false</previousColumn>
<autoIncrementCycle>false</autoIncrementCycle>
<associations>
<colAssociation fkAssociation="FAB6CBAE-0D73-E0D5-C088-FCCD0E3A98D0" referredColumn="76194154-9B69-0AB0-44AE-99F889B2A4F3"/>
</associations>
</Column>
</columns>
<indexes itemClass="oracle.dbtools.crest.model.design.relational.Index">
<ind_PK_UK id="0907201C-9D4E-D1A6-60F2-6169FE358AC5" name="PAYMENT_PK">
<createdBy>mashu</createdBy>
<createdTime>2017-11-07 19:33:55 UTC</createdTime>
<generatorID>89F9FC04-B77E-3DFF-A24E-59D14C28EB2B</generatorID>
<ownerDesignName>123</ownerDesignName>
<pk>true</pk>
<indexState>Primary Constraint</indexState>
<isSurrogateKey>false</isSurrogateKey>
<indexColumnUsage>
<colUsage columnID="F6185F17-647E-58DC-BC4A-3D6C4DD46701"/>
</indexColumnUsage>
</ind_PK_UK>
<ind_PK_UK id="7C90FD89-8FED-56CE-5073-3BC0CE4EF2FB" name="PAYMENT_CLIENT_FK">
<createdBy>mashu</createdBy>
<createdTime>2017-11-07 19:33:55 UTC</createdTime>
<generatorID>335733A6-BCC7-4A79-76C7-D3EA107176BB</generatorID>
<ownerDesignName>123</ownerDesignName>
<indexState>Foreign Key</indexState>
<isSurrogateKey>false</isSurrogateKey>
<indexColumnUsage>
<colUsage columnID="59ADAD56-0C7A-C572-44B0-1EA8737F32A2"/>
</indexColumnUsage>
</ind_PK_UK>
</indexes>
</Table>