<?xml version = '1.0' encoding = 'UTF-8'?>
<Table class="oracle.dbtools.crest.model.design.relational.Table" directorySegmentName="seg_0" id="5368CB72-0C13-B74E-23EF-2F8EA8A7D2E4" name="DRIVER">
<createdBy>mashu</createdBy>
<createdTime>2017-11-07 20:24:24 UTC</createdTime>
<ownerDesignName>123</ownerDesignName>
<ordsAlias>table_26</ordsAlias>
<allowColumnReorder>false</allowColumnReorder>
<existDependencyGenerateInDDl>true</existDependencyGenerateInDDl>
<parsed>true</parsed>
<columns itemClass="oracle.dbtools.crest.model.design.relational.Column">
<Column name="DriverLicenseNoD" id="9C50860C-502C-0BC1-A8C4-D608C663BC14">
<createdBy>mashu</createdBy>
<createdTime>2017-11-07 20:25:11 UTC</createdTime>
<ownerDesignName>123</ownerDesignName>
<useDomainConstraints>false</useDomainConstraints>
<use>1</use>
<logicalDatatype>LOGDT019</logicalDatatype>
<dataTypePrecision>8</dataTypePrecision>
<dataTypeScale>8</dataTypeScale>
<ownDataTypeParameters>,8,8</ownDataTypeParameters>
<autoIncrementCycle>false</autoIncrementCycle>
</Column>
<Column name="DriverDOBD" id="C9B3AE13-D9C8-75F6-5E1D-4CF149BDA9FC">
<createdBy>mashu</createdBy>
<createdTime>2017-11-07 20:25:45 UTC</createdTime>
<ownerDesignName>123</ownerDesignName>
<nullsAllowed>true</nullsAllowed>
<useDomainConstraints>false</useDomainConstraints>
<use>1</use>
<logicalDatatype>LOGDT007</logicalDatatype>
<ownDataTypeParameters>,,</ownDataTypeParameters>
<autoIncrementCycle>false</autoIncrementCycle>
</Column>
<Column name="DriverNameD" id="631755D2-F474-5A87-E824-E9A4D88AB5AF">
<createdBy>mashu</createdBy>
<createdTime>2017-11-07 20:26:08 UTC</createdTime>
<ownerDesignName>123</ownerDesignName>
<nullsAllowed>true</nullsAllowed>
<useDomainConstraints>false</useDomainConstraints>
<use>1</use>
<logicalDatatype>LOGDT025</logicalDatatype>
<dataTypeSize>10 CHAR</dataTypeSize>
<ownDataTypeParameters>10 CHAR,,</ownDataTypeParameters>
<autoIncrementCycle>false</autoIncrementCycle>
</Column>
<Column name="DriverSexD" id="C7E109CB-CFB0-DA81-A9FA-A039C1849C38">
<createdBy>mashu</createdBy>
<createdTime>2017-11-07 20:26:36 UTC</createdTime>
<ownerDesignName>123</ownerDesignName>
<nullsAllowed>true</nullsAllowed>
<useDomainConstraints>false</useDomainConstraints>
<use>1</use>
<logicalDatatype>LOGDT033</logicalDatatype>
<ownDataTypeParameters>,,</ownDataTypeParameters>
<autoIncrementCycle>false</autoIncrementCycle>
</Column>
</columns>
<indexes itemClass="oracle.dbtools.crest.model.design.relational.Index">
<ind_PK_UK id="0DB5ECA4-CB73-D10E-80E1-57BD5051E9CB" name="DRIVER_PK">
<createdBy>mashu</createdBy>
<createdTime>2017-11-07 20:25:18 UTC</createdTime>
<ownerDesignName>123</ownerDesignName>
<pk>true</pk>
<indexState>Primary Constraint</indexState>
<isSurrogateKey>false</isSurrogateKey>
<indexColumnUsage>
<colUsage columnID="9C50860C-502C-0BC1-A8C4-D608C663BC14"/>
</indexColumnUsage>
</ind_PK_UK>
</indexes>
</Table>