<?xml version = '1.0' encoding = 'UTF-8'?>
<Table class="oracle.dbtools.crest.model.design.relational.Table" directorySegmentName="seg_0" id="991DCD47-7614-C95F-265F-A8B7BD1B6CB1" name="AUTOPOLICY">
<createdBy>mashu</createdBy>
<createdTime>2017-11-07 19:33:55 UTC</createdTime>
<generatorID>96BF066C-6C71-6E49-C189-CA417358D26F</generatorID>
<ownerDesignName>123</ownerDesignName>
<allowColumnReorder>false</allowColumnReorder>
<existDependencyGenerateInDDl>true</existDependencyGenerateInDDl>
<parsed>true</parsed>
<columns itemClass="oracle.dbtools.crest.model.design.relational.Column">
<Column name="AutoPolicyNo" id="4042CA7F-3160-0A8C-23CC-9B58C1BF6416">
<createdBy>mashu</createdBy>
<createdTime>2017-11-07 19:33:55 UTC</createdTime>
<generatorID>0EFDFC82-6F0E-B7A1-FE09-6064B4B08C79</generatorID>
<ownerDesignName>123</ownerDesignName>
<useDomainConstraints>false</useDomainConstraints>
<use>1</use>
<logicalDatatype>LOGDT019</logicalDatatype>
<dataTypePrecision>5</dataTypePrecision>
<ownDataTypeParameters>,5,</ownDataTypeParameters>
<autoIncrementCycle>false</autoIncrementCycle>
</Column>
<Column name="AutoPolicyDamageAmt" id="9C725F4B-B174-269C-909A-256CA8BB1385">
<createdBy>mashu</createdBy>
<createdTime>2017-11-07 19:33:55 UTC</createdTime>
<generatorID>B8F29F56-55DA-69E4-6B5D-5F8A4C335304</generatorID>
<ownerDesignName>123</ownerDesignName>
<nullsAllowed>true</nullsAllowed>
<useDomainConstraints>false</useDomainConstraints>
<use>1</use>
<logicalDatatype>LOGDT043</logicalDatatype>
<dataTypePrecision>10</dataTypePrecision>
<ownDataTypeParameters>,10,</ownDataTypeParameters>
<autoIncrementCycle>false</autoIncrementCycle>
</Column>
<Column name="AutoPolicyDate" id="479D4314-DCDD-0FDA-FC56-1A14B42180E1">
<createdBy>mashu</createdBy>
<createdTime>2017-11-07 19:33:55 UTC</createdTime>
<generatorID>6DAA14DD-5D4D-0992-AAAA-08476FFD1E1B</generatorID>
<ownerDesignName>123</ownerDesignName>
<nullsAllowed>true</nullsAllowed>
<useDomainConstraints>false</useDomainConstraints>
<use>1</use>
<logicalDatatype>LOGDT007</logicalDatatype>
<ownDataTypeParameters>,,</ownDataTypeParameters>
<autoIncrementCycle>false</autoIncrementCycle>
</Column>
<Column name="AGENT_AgentID" id="101A5B1A-F475-C8D9-7CF6-75723D2D1C88">
<createdBy>mashu</createdBy>
<createdTime>2017-11-07 19:33:55 UTC</createdTime>
<generatorID>5F2FE9BC-C101-05EC-0998-5D1821D8244E</generatorID>
<ownerDesignName>123</ownerDesignName>
<useDomainConstraints>false</useDomainConstraints>
<use>1</use>
<logicalDatatype>LOGDT019</logicalDatatype>
<dataTypePrecision>5</dataTypePrecision>
<ownDataTypeParameters>,,</ownDataTypeParameters>
<previousColumn>false</previousColumn>
<autoIncrementCycle>false</autoIncrementCycle>
<associations>
<colAssociation fkAssociation="82333BB6-D598-2139-CA36-F3EAFAD3BB0F" referredColumn="8DE867F3-F483-836E-41A4-38D6674B4ADB"/>
</associations>
</Column>
<Column name="CLIENT_ClientID" id="47CD3687-2A86-7C44-B499-0C70BA6BBA76">
<createdBy>mashu</createdBy>
<createdTime>2017-11-07 19:33:55 UTC</createdTime>
<generatorID>91862DDF-CCE4-CED7-B315-641885796E29</generatorID>
<ownerDesignName>123</ownerDesignName>
<useDomainConstraints>false</useDomainConstraints>
<use>1</use>
<logicalDatatype>LOGDT019</logicalDatatype>
<dataTypePrecision>5</dataTypePrecision>
<ownDataTypeParameters>,,</ownDataTypeParameters>
<previousColumn>false</previousColumn>
<autoIncrementCycle>false</autoIncrementCycle>
<associations>
<colAssociation fkAssociation="D87EAB02-B104-5EE1-9DE8-0100D299AD85" referredColumn="76194154-9B69-0AB0-44AE-99F889B2A4F3"/>
</associations>
</Column>
<Column name="AGENT_AUTOPOLICY_AutoPolicyNo" id="67AA0601-D6A7-8629-D96E-4926DB2E054F">
<createdBy>mashu</createdBy>
<createdTime>2017-11-07 19:49:17 UTC</createdTime>
<ownerDesignName>123</ownerDesignName>
<useDomainConstraints>false</useDomainConstraints>
<use>1</use>
<logicalDatatype>LOGDT019</logicalDatatype>
<ownDataTypeParameters>,,</ownDataTypeParameters>
<previousColumn>false</previousColumn>
<autoIncrementCycle>false</autoIncrementCycle>
</Column>
<Column name="CLIENT_AUTOPOLICY_AutoPolicyNo" id="EE2B1FC2-C5C8-55A1-F6D2-438BC6A7D07A">
<createdBy>mashu</createdBy>
<createdTime>2017-11-07 19:56:11 UTC</createdTime>
<ownerDesignName>123</ownerDesignName>
<useDomainConstraints>false</useDomainConstraints>
<use>1</use>
<logicalDatatype>LOGDT019</logicalDatatype>
<dataTypePrecision>5</dataTypePrecision>
<ownDataTypeParameters>,,</ownDataTypeParameters>
<previousColumn>false</previousColumn>
<autoIncrementCycle>false</autoIncrementCycle>
<associations>
<colAssociation fkAssociation="32230B47-6468-24A3-DEF8-80032A65C32A" referredColumn="F09C459C-2152-A416-267C-093ACB5508CA"/>
</associations>
</Column>
</columns>
<indexes itemClass="oracle.dbtools.crest.model.design.relational.Index">
<ind_PK_UK id="4A1E38DB-4662-C5AC-992F-8EE38C9C247F" name="AUTOPOLICY_PK">
<createdBy>mashu</createdBy>
<createdTime>2017-11-07 19:33:55 UTC</createdTime>
<generatorID>5955F4AD-2B23-F3C7-88DF-105B9B32E80D</generatorID>
<ownerDesignName>123</ownerDesignName>
<pk>true</pk>
<indexState>Primary Constraint</indexState>
<isSurrogateKey>false</isSurrogateKey>
<indexColumnUsage>
<colUsage columnID="4042CA7F-3160-0A8C-23CC-9B58C1BF6416"/>
</indexColumnUsage>
</ind_PK_UK>
<ind_PK_UK id="E97076AC-96DA-21A2-0EEE-1AABBF3B6C86" name="AUTOPOLICY_AGENT_FK">
<createdBy>mashu</createdBy>
<createdTime>2017-11-07 19:33:55 UTC</createdTime>
<generatorID>8D2B827F-01DC-A74C-9746-FCE89EBA2D26</generatorID>
<ownerDesignName>123</ownerDesignName>
<indexState>Foreign Key</indexState>
<isSurrogateKey>false</isSurrogateKey>
<indexColumnUsage>
<colUsage columnID="101A5B1A-F475-C8D9-7CF6-75723D2D1C88"/>
</indexColumnUsage>
</ind_PK_UK>
<ind_PK_UK id="D628E928-48C2-D3BF-4202-4B669D759D2A" name="AUTOPOLICY_CLIENT_FK">
<createdBy>mashu</createdBy>
<createdTime>2017-11-07 19:33:55 UTC</createdTime>
<generatorID>71FEB4B0-6A08-A4E2-50A4-9979BA000A81</generatorID>
<ownerDesignName>123</ownerDesignName>
<indexState>Foreign Key</indexState>
<isSurrogateKey>false</isSurrogateKey>
<indexColumnUsage>
<colUsage columnID="47CD3687-2A86-7C44-B499-0C70BA6BBA76"/>
</indexColumnUsage>
</ind_PK_UK>
<ind_PK_UK id="DA80C608-7FBD-A117-2FB8-E6E6A075A2F7" name="AUTOPOLICY_CLIENT_AUTOPOLICY_FK">
<createdBy>mashu</createdBy>
<createdTime>2017-11-07 19:56:11 UTC</createdTime>
<ownerDesignName>123</ownerDesignName>
<indexState>Foreign Key</indexState>
<isSurrogateKey>false</isSurrogateKey>
<indexColumnUsage>
<colUsage columnID="EE2B1FC2-C5C8-55A1-F6D2-438BC6A7D07A"/>
</indexColumnUsage>
</ind_PK_UK>
</indexes>
</Table>