<?xml version = '1.0' encoding = 'UTF-8'?>
<Table class="oracle.dbtools.crest.model.design.relational.Table" directorySegmentName="seg_0" id="9A490BB5-1040-795F-8A8C-05125BA9E4C4" name="CLIENT_AUTOPOLICY">
<createdBy>mashu</createdBy>
<createdTime>2017-11-07 19:53:09 UTC</createdTime>
<ownerDesignName>123</ownerDesignName>
<ordsAlias>table_23</ordsAlias>
<allowColumnReorder>false</allowColumnReorder>
<existDependencyGenerateInDDl>true</existDependencyGenerateInDDl>
<parsed>true</parsed>
<columns itemClass="oracle.dbtools.crest.model.design.relational.Column">
<Column name="AutoPolicyNo" id="F09C459C-2152-A416-267C-093ACB5508CA">
<createdBy>mashu</createdBy>
<createdTime>2017-11-07 19:53:49 UTC</createdTime>
<ownerDesignName>123</ownerDesignName>
<useDomainConstraints>false</useDomainConstraints>
<use>1</use>
<logicalDatatype>LOGDT019</logicalDatatype>
<dataTypePrecision>5</dataTypePrecision>
<ownDataTypeParameters>,5,</ownDataTypeParameters>
<autoIncrementCycle>false</autoIncrementCycle>
</Column>
<Column name="CLIENT_ClientID" id="97B54DB7-DF65-7480-C6FC-6EC6DF3E7B19">
<createdBy>mashu</createdBy>
<createdTime>2017-11-07 19:56:15 UTC</createdTime>
<ownerDesignName>123</ownerDesignName>
<useDomainConstraints>false</useDomainConstraints>
<use>1</use>
<logicalDatatype>LOGDT019</logicalDatatype>
<dataTypePrecision>5</dataTypePrecision>
<ownDataTypeParameters>,,</ownDataTypeParameters>
<previousColumn>false</previousColumn>
<autoIncrementCycle>false</autoIncrementCycle>
<associations>
<colAssociation fkAssociation="5F557DFA-3A28-E958-DC30-CDFD871BAF29" referredColumn="76194154-9B69-0AB0-44AE-99F889B2A4F3"/>
</associations>
</Column>
<Column name="CAR_CarRegistrationNoD" id="966D7F98-6E75-9964-F815-157A12BB4F49">
<createdBy>mashu</createdBy>
<createdTime>2017-11-07 20:23:59 UTC</createdTime>
<ownerDesignName>123</ownerDesignName>
<useDomainConstraints>false</useDomainConstraints>
<use>1</use>
<logicalDatatype>LOGDT019</logicalDatatype>
<dataTypePrecision>10</dataTypePrecision>
<dataTypeScale>10</dataTypeScale>
<ownDataTypeParameters>,,</ownDataTypeParameters>
<previousColumn>false</previousColumn>
<autoIncrementCycle>false</autoIncrementCycle>
<associations>
<colAssociation fkAssociation="25B79E01-7954-5926-1CD1-10317C00E68F" referredColumn="9ADE24D8-A81F-0AED-4247-16F01C8F8170"/>
</associations>
</Column>
<Column name="DRIVER_DriverLicenseNoD" id="6A284DB8-1BBF-E7EE-121B-E4FF39F45229">
<createdBy>mashu</createdBy>
<createdTime>2017-11-07 20:26:52 UTC</createdTime>
<ownerDesignName>123</ownerDesignName>
<useDomainConstraints>false</useDomainConstraints>
<use>1</use>
<logicalDatatype>LOGDT019</logicalDatatype>
<dataTypePrecision>8</dataTypePrecision>
<dataTypeScale>8</dataTypeScale>
<ownDataTypeParameters>,,</ownDataTypeParameters>
<previousColumn>false</previousColumn>
<autoIncrementCycle>false</autoIncrementCycle>
<associations>
<colAssociation fkAssociation="86B53CB4-F10C-A1F7-178D-AFBC29B0274E" referredColumn="9C50860C-502C-0BC1-A8C4-D608C663BC14"/>
</associations>
</Column>
</columns>
<indexes itemClass="oracle.dbtools.crest.model.design.relational.Index">
<ind_PK_UK id="080AF2B1-74DC-6DA7-D32C-A64E27960A56" name="CLIENT_AUTOPOLICY_PK">
<createdBy>mashu</createdBy>
<createdTime>2017-11-07 19:53:49 UTC</createdTime>
<ownerDesignName>123</ownerDesignName>
<pk>true</pk>
<indexState>Primary Constraint</indexState>
<isSurrogateKey>false</isSurrogateKey>
<indexColumnUsage>
<colUsage columnID="F09C459C-2152-A416-267C-093ACB5508CA"/>
</indexColumnUsage>
</ind_PK_UK>
<ind_PK_UK id="CECE30EC-F4D0-E189-1460-7A6A965E1A70" name="CLIENT_AUTOPOLICY_CLIENT_FK">
<createdBy>mashu</createdBy>
<createdTime>2017-11-07 19:56:15 UTC</createdTime>
<generatorID>F7042975-83B4-288C-2A34-A293D2F97F06</generatorID>
<ownerDesignName>123</ownerDesignName>
<indexState>Foreign Key</indexState>
<isSurrogateKey>false</isSurrogateKey>
<indexColumnUsage>
<colUsage columnID="97B54DB7-DF65-7480-C6FC-6EC6DF3E7B19"/>
</indexColumnUsage>
</ind_PK_UK>
<ind_PK_UK id="2BCE9903-4F91-EF8F-B40D-33BA50C43305" name="CLIENT_AUTOPOLICY_CAR_FK">
<createdBy>mashu</createdBy>
<createdTime>2017-11-07 20:23:59 UTC</createdTime>
<ownerDesignName>123</ownerDesignName>
<indexState>Foreign Key</indexState>
<isSurrogateKey>false</isSurrogateKey>
<indexColumnUsage>
<colUsage columnID="966D7F98-6E75-9964-F815-157A12BB4F49"/>
</indexColumnUsage>
</ind_PK_UK>
<ind_PK_UK id="4B04D980-AC16-839E-0992-4BD68C99AE1B" name="CLIENT_AUTOPOLICY_DRIVER_FK">
<createdBy>mashu</createdBy>
<createdTime>2017-11-07 20:26:52 UTC</createdTime>
<ownerDesignName>123</ownerDesignName>
<indexState>Foreign Key</indexState>
<isSurrogateKey>false</isSurrogateKey>
<indexColumnUsage>
<colUsage columnID="6A284DB8-1BBF-E7EE-121B-E4FF39F45229"/>
</indexColumnUsage>
</ind_PK_UK>
</indexes>
</Table>