<?xml version = '1.0' encoding = 'UTF-8'?>
<Table class="oracle.dbtools.crest.model.design.relational.Table" directorySegmentName="seg_0" id="9E3F2292-3EAB-9244-E3A9-CD0144998F72" name="LIFEPOLICY">
<createdBy>mashu</createdBy>
<createdTime>2017-11-07 19:33:55 UTC</createdTime>
<generatorID>3F29CF1A-A59B-54B9-17B2-254EBEE1B609</generatorID>
<ownerDesignName>123</ownerDesignName>
<allowColumnReorder>false</allowColumnReorder>
<existDependencyGenerateInDDl>true</existDependencyGenerateInDDl>
<parsed>true</parsed>
<columns itemClass="oracle.dbtools.crest.model.design.relational.Column">
<Column name="LifePolicyNo" id="2BA40561-CA39-80DB-DC16-CB22172B19EB">
<createdBy>mashu</createdBy>
<createdTime>2017-11-07 19:33:55 UTC</createdTime>
<generatorID>B145A579-FA1C-16C7-3545-BE9D143452E1</generatorID>
<ownerDesignName>123</ownerDesignName>
<useDomainConstraints>false</useDomainConstraints>
<use>1</use>
<logicalDatatype>LOGDT019</logicalDatatype>
<dataTypePrecision>5</dataTypePrecision>
<ownDataTypeParameters>,5,</ownDataTypeParameters>
<autoIncrementCycle>false</autoIncrementCycle>
</Column>
<Column name="LifePolicyAmount" id="A831F7A3-52D2-FD36-3100-A758F25C7476">
<createdBy>mashu</createdBy>
<createdTime>2017-11-07 19:33:55 UTC</createdTime>
<generatorID>9AA313AD-D8EF-4601-709F-011E8A73E0C4</generatorID>
<ownerDesignName>123</ownerDesignName>
<nullsAllowed>true</nullsAllowed>
<useDomainConstraints>false</useDomainConstraints>
<use>1</use>
<logicalDatatype>LOGDT043</logicalDatatype>
<dataTypePrecision>10</dataTypePrecision>
<ownDataTypeParameters>,10,</ownDataTypeParameters>
<autoIncrementCycle>false</autoIncrementCycle>
</Column>
<Column name="LifePolicyDate" id="C760E8DE-0793-CCA7-5339-D0D57C49F3A7">
<createdBy>mashu</createdBy>
<createdTime>2017-11-07 19:33:55 UTC</createdTime>
<generatorID>9DEF4558-549B-B94E-3A38-6A95405BC04C</generatorID>
<ownerDesignName>123</ownerDesignName>
<nullsAllowed>true</nullsAllowed>
<useDomainConstraints>false</useDomainConstraints>
<use>1</use>
<logicalDatatype>LOGDT007</logicalDatatype>
<ownDataTypeParameters>,,</ownDataTypeParameters>
<autoIncrementCycle>false</autoIncrementCycle>
</Column>
<Column name="LifePolicyType" id="F76D5BED-F273-9B50-2F93-F08CB49A0585">
<createdBy>mashu</createdBy>
<createdTime>2017-11-07 19:33:55 UTC</createdTime>
<generatorID>5ACEFFF9-BCA0-1AC8-25CF-346FE86F5AAE</generatorID>
<ownerDesignName>123</ownerDesignName>
<nullsAllowed>true</nullsAllowed>
<useDomainConstraints>false</useDomainConstraints>
<use>1</use>
<logicalDatatype>LOGDT025</logicalDatatype>
<dataTypeSize>2 CHAR</dataTypeSize>
<ownDataTypeParameters>2 CHAR,,</ownDataTypeParameters>
<autoIncrementCycle>false</autoIncrementCycle>
</Column>
<Column name="AGENT_AgentID" id="373AD0BE-3B7B-9E31-1AC0-661DEACF46DE">
<createdBy>mashu</createdBy>
<createdTime>2017-11-07 19:33:55 UTC</createdTime>
<generatorID>A87EA07A-C9C6-7A83-FECA-70AC1398C2BE</generatorID>
<ownerDesignName>123</ownerDesignName>
<useDomainConstraints>false</useDomainConstraints>
<use>1</use>
<logicalDatatype>LOGDT019</logicalDatatype>
<dataTypePrecision>5</dataTypePrecision>
<ownDataTypeParameters>,,</ownDataTypeParameters>
<previousColumn>false</previousColumn>
<autoIncrementCycle>false</autoIncrementCycle>
<associations>
<colAssociation fkAssociation="AC2ED360-340B-11E7-BA13-76C12BCF5B99" referredColumn="8DE867F3-F483-836E-41A4-38D6674B4ADB"/>
</associations>
</Column>
<Column name="CLIENT_ClientID" id="1160D3AA-90C1-A829-DEAE-CD00C7BFC4A8">
<createdBy>mashu</createdBy>
<createdTime>2017-11-07 19:33:55 UTC</createdTime>
<generatorID>CA541E6A-E9E5-7B11-AA9A-1D4598C0C5BD</generatorID>
<ownerDesignName>123</ownerDesignName>
<useDomainConstraints>false</useDomainConstraints>
<use>1</use>
<logicalDatatype>LOGDT019</logicalDatatype>
<dataTypePrecision>5</dataTypePrecision>
<ownDataTypeParameters>,,</ownDataTypeParameters>
<previousColumn>false</previousColumn>
<autoIncrementCycle>false</autoIncrementCycle>
<associations>
<colAssociation fkAssociation="E70736D2-ED3A-FF9D-E096-95480D385250" referredColumn="76194154-9B69-0AB0-44AE-99F889B2A4F3"/>
</associations>
</Column>
<Column name="AGENT_LIFEPOLICY_LifePolicyNo" id="EB47F626-1DD3-521D-0E5C-A119166FB9AC">
<createdBy>mashu</createdBy>
<createdTime>2017-11-07 19:44:46 UTC</createdTime>
<ownerDesignName>123</ownerDesignName>
<useDomainConstraints>false</useDomainConstraints>
<use>1</use>
<logicalDatatype>LOGDT019</logicalDatatype>
<ownDataTypeParameters>,,</ownDataTypeParameters>
<previousColumn>false</previousColumn>
<autoIncrementCycle>false</autoIncrementCycle>
</Column>
<Column name="CLIENT_LIFEPOLICY_LifePolicyNo" id="E288057C-C04E-C2CD-883E-359538A7542F">
<createdBy>mashu</createdBy>
<createdTime>2017-11-07 19:59:49 UTC</createdTime>
<ownerDesignName>123</ownerDesignName>
<useDomainConstraints>false</useDomainConstraints>
<use>1</use>
<logicalDatatype>LOGDT019</logicalDatatype>
<dataTypePrecision>5</dataTypePrecision>
<ownDataTypeParameters>,,</ownDataTypeParameters>
<previousColumn>false</previousColumn>
<autoIncrementCycle>false</autoIncrementCycle>
<associations>
<colAssociation fkAssociation="5CA75E22-4FD8-64F5-899B-767CD980931C" referredColumn="33D8F6A2-3ED1-E0A0-9050-A963772D3A16"/>
</associations>
</Column>
</columns>
<indexes itemClass="oracle.dbtools.crest.model.design.relational.Index">
<ind_PK_UK id="5E1E6CB3-D918-B8D3-B50D-7FC6270D7653" name="LIFEPOLICY_PK">
<createdBy>mashu</createdBy>
<createdTime>2017-11-07 19:33:55 UTC</createdTime>
<generatorID>BB408F4F-CAA3-FF39-11FB-C2F21F5DAB47</generatorID>
<ownerDesignName>123</ownerDesignName>
<pk>true</pk>
<indexState>Primary Constraint</indexState>
<isSurrogateKey>false</isSurrogateKey>
<indexColumnUsage>
<colUsage columnID="2BA40561-CA39-80DB-DC16-CB22172B19EB"/>
<colUsage columnID="1160D3AA-90C1-A829-DEAE-CD00C7BFC4A8"/>
</indexColumnUsage>
</ind_PK_UK>
<ind_PK_UK id="6472CBED-1274-E232-C3D1-A5815F13306F" name="LIFEPOLICY_AGENT_FK">
<createdBy>mashu</createdBy>
<createdTime>2017-11-07 19:33:55 UTC</createdTime>
<generatorID>EEE72D7C-93EC-21ED-D8CC-EC5CD331BB52</generatorID>
<ownerDesignName>123</ownerDesignName>
<indexState>Foreign Key</indexState>
<isSurrogateKey>false</isSurrogateKey>
<indexColumnUsage>
<colUsage columnID="373AD0BE-3B7B-9E31-1AC0-661DEACF46DE"/>
</indexColumnUsage>
</ind_PK_UK>
<ind_PK_UK id="E78A6FEA-0713-FBFA-FABD-39067E35564A" name="LIFEPOLICY_CLIENT_FK">
<createdBy>mashu</createdBy>
<createdTime>2017-11-07 19:33:55 UTC</createdTime>
<generatorID>1B4D6D92-CF5D-4544-487E-AC9DB97FED93</generatorID>
<ownerDesignName>123</ownerDesignName>
<indexState>Foreign Key</indexState>
<isSurrogateKey>false</isSurrogateKey>
<indexColumnUsage>
<colUsage columnID="1160D3AA-90C1-A829-DEAE-CD00C7BFC4A8"/>
</indexColumnUsage>
</ind_PK_UK>
<ind_PK_UK id="A6F75DAF-EEE9-9C7C-1412-7E3255BD3EA0" name="LIFEPOLICY_CLIENT_LIFEPOLICY_FK">
<createdBy>mashu</createdBy>
<createdTime>2017-11-07 19:59:49 UTC</createdTime>
<ownerDesignName>123</ownerDesignName>
<indexState>Foreign Key</indexState>
<isSurrogateKey>false</isSurrogateKey>
<indexColumnUsage>
<colUsage columnID="E288057C-C04E-C2CD-883E-359538A7542F"/>
</indexColumnUsage>
</ind_PK_UK>
</indexes>
</Table>