<?xml version = '1.0' encoding = 'UTF-8'?>
<FKIndexAssociation class="oracle.dbtools.crest.model.design.relational.FKIndexAssociation" directorySegmentName="seg_0" id="03DF2825-E330-4CD9-A0DC-D2FA336326FD" containerWithKeyObject="8BB4A78A-62B6-B3A6-184A-B34B668D58D2" localFKIndex="0ABBCAD4-5463-2FFD-A83A-21924CDE64A8" name="AGENT_AUTOPOLICY_AGENT_FK">
<createdBy>mashu</createdBy>
<createdTime>2017-11-07 19:48:45 UTC</createdTime>
<generatorID>99DCEE61-CB3D-3EA2-1073-76CBD77EF88F</generatorID>
<ownerDesignName>Revised Model2</ownerDesignName>
<referredTableLongName>AGENT</referredTableLongName>
<deleteRule>NO ACTION</deleteRule>
<referredTableID>2CCED268-E2B8-CE63-3B97-1131DBDCD950</referredTableID>
<keyObject>C3D36981-93A0-3889-EF3C-19E64118F9AC</keyObject>
<referredKeyID>C3D36981-93A0-3889-EF3C-19E64118F9AC</referredKeyID>
<mandatory>true</mandatory>
<refColNames>AgentID</refColNames>
<transferable>true</transferable>
<rely>false</rely>
<columnDependencyConstraintGenerateInDDL>true</columnDependencyConstraintGenerateInDDL>
</FKIndexAssociation>