<?xml version = '1.0' encoding = 'UTF-8'?>
<FKIndexAssociation class="oracle.dbtools.crest.model.design.relational.FKIndexAssociation" directorySegmentName="seg_0" id="3408432D-50CC-7DA8-E421-4FD80D7DB281" containerWithKeyObject="9E3F2292-3EAB-9244-E3A9-CD0144998F72" localFKIndex="2A1AE4B1-98DF-A437-9A19-B039FE6104B4" name="LIFEPOLICY_AGENT_LIFEPOLICY_FK">
<createdBy>mashu</createdBy>
<createdTime>2017-11-07 19:44:46 UTC</createdTime>
<ownerDesignName>Revised Model2</ownerDesignName>
<referredTableLongName>AGENT_LIFEPOLICY</referredTableLongName>
<deleteRule>NO ACTION</deleteRule>
<referredTableID>24F6DCA5-47F4-29D7-8FA9-16549D580070</referredTableID>
<keyObject>6E696DE7-C090-B4BC-2350-AB36883A67A1</keyObject>
<referredKeyID>6E696DE7-C090-B4BC-2350-AB36883A67A1</referredKeyID>
<mandatory>true</mandatory>
<refColNames>LifePolicyNo</refColNames>
<transferable>true</transferable>
<rely>false</rely>
<columnDependencyConstraintGenerateInDDL>true</columnDependencyConstraintGenerateInDDL>
</FKIndexAssociation>