<?xml version = '1.0' encoding = 'UTF-8'?>
<FKIndexAssociation class="oracle.dbtools.crest.model.design.relational.FKIndexAssociation" directorySegmentName="seg_0" id="386F9722-52CC-9560-38DE-72909C23B3E2" containerWithKeyObject="077D2AFA-CB5B-0BC4-1F39-F016101B7891" localFKIndex="00173619-DBA6-E8CC-FBD5-9D22EA69E254" name="INVOICE_LIFEPOLICY_FK">
<createdBy>mashu</createdBy>
<createdTime>2017-11-07 19:33:55 UTC</createdTime>
<generatorID>8C741241-9A34-E9CE-9B72-C1FBC1E62737</generatorID>
<ownerDesignName>Revised Model2</ownerDesignName>
<referredTableLongName>LIFEPOLICY</referredTableLongName>
<deleteRule>NO ACTION</deleteRule>
<referredTableID>9E3F2292-3EAB-9244-E3A9-CD0144998F72</referredTableID>
<keyObject>5E1E6CB3-D918-B8D3-B50D-7FC6270D7653</keyObject>
<referredKeyID>5E1E6CB3-D918-B8D3-B50D-7FC6270D7653</referredKeyID>
<mandatory>true</mandatory>
<refColNames>LifePolicyNo,CLIENT_ClientID</refColNames>
<transferable>true</transferable>
<rely>false</rely>
<columnDependencyConstraintGenerateInDDL>true</columnDependencyConstraintGenerateInDDL>
</FKIndexAssociation>