<?xml version = '1.0' encoding = 'UTF-8'?>
<FKIndexAssociation class="oracle.dbtools.crest.model.design.relational.FKIndexAssociation" directorySegmentName="seg_0" id="5CA75E22-4FD8-64F5-899B-767CD980931C" containerWithKeyObject="9E3F2292-3EAB-9244-E3A9-CD0144998F72" localFKIndex="A6F75DAF-EEE9-9C7C-1412-7E3255BD3EA0" name="LIFEPOLICY_CLIENT_LIFEPOLICY_FK">
<createdBy>mashu</createdBy>
<createdTime>2017-11-07 19:59:49 UTC</createdTime>
<ownerDesignName>Revised Model2</ownerDesignName>
<referredTableLongName>CLIENT_LIFEPOLICY</referredTableLongName>
<deleteRule>NO ACTION</deleteRule>
<referredTableID>775C54F0-86E3-8B18-D088-A8AEBA9A51EE</referredTableID>
<keyObject>A184999C-448A-EDF1-B9B6-D4F28330D134</keyObject>
<referredKeyID>A184999C-448A-EDF1-B9B6-D4F28330D134</referredKeyID>
<mandatory>true</mandatory>
<refColNames>LifePolicyNo</refColNames>
<transferable>true</transferable>
<rely>false</rely>
<columnDependencyConstraintGenerateInDDL>true</columnDependencyConstraintGenerateInDDL>
</FKIndexAssociation>