<?xml version = '1.0' encoding = 'UTF-8'?>
<FKIndexAssociation class="oracle.dbtools.crest.model.design.relational.FKIndexAssociation" directorySegmentName="seg_0" id="71D6AC19-BCDE-C1C8-7B6C-F9A67B8129A6" containerWithKeyObject="F32D2F0E-79EE-7D0D-97EA-20F47E3B05A4" localFKIndex="0235E032-E53F-405A-3250-3C8B67C24ABF" name="AGENT_CLIENT_AGENT_FK">
<createdBy>mashu</createdBy>
<createdTime>2017-11-07 19:52:30 UTC</createdTime>
<generatorID>99DCEE61-CB3D-3EA2-1073-76CBD77EF88F</generatorID>
<ownerDesignName>Revised Model2</ownerDesignName>
<referredTableLongName>AGENT</referredTableLongName>
<deleteRule>NO ACTION</deleteRule>
<referredTableID>2CCED268-E2B8-CE63-3B97-1131DBDCD950</referredTableID>
<keyObject>C3D36981-93A0-3889-EF3C-19E64118F9AC</keyObject>
<referredKeyID>C3D36981-93A0-3889-EF3C-19E64118F9AC</referredKeyID>
<mandatory>true</mandatory>
<refColNames>AgentID</refColNames>
<transferable>true</transferable>
<rely>false</rely>
<columnDependencyConstraintGenerateInDDL>true</columnDependencyConstraintGenerateInDDL>
</FKIndexAssociation>