<?xml version = '1.0' encoding = 'UTF-8'?>
<FKIndexAssociation class="oracle.dbtools.crest.model.design.relational.FKIndexAssociation" directorySegmentName="seg_0" id="96322719-EB08-65AB-A46D-F2ABEC8D5BDE" containerWithKeyObject="077D2AFA-CB5B-0BC4-1F39-F016101B7891" localFKIndex="76938455-FC0A-05F8-CB1A-269AF09140FC" name="INVOICE_AUTOPOLICY_FK">
<createdBy>mashu</createdBy>
<createdTime>2017-11-07 19:33:55 UTC</createdTime>
<generatorID>DF500BA6-92E6-985B-B33C-903B77121AD3</generatorID>
<ownerDesignName>Revised Model2</ownerDesignName>
<referredTableLongName>AUTOPOLICY</referredTableLongName>
<deleteRule>NO ACTION</deleteRule>
<referredTableID>991DCD47-7614-C95F-265F-A8B7BD1B6CB1</referredTableID>
<keyObject>4A1E38DB-4662-C5AC-992F-8EE38C9C247F</keyObject>
<referredKeyID>4A1E38DB-4662-C5AC-992F-8EE38C9C247F</referredKeyID>
<mandatory>true</mandatory>
<refColNames>AutoPolicyNo</refColNames>
<transferable>true</transferable>
<rely>false</rely>
<columnDependencyConstraintGenerateInDDL>true</columnDependencyConstraintGenerateInDDL>
</FKIndexAssociation>