<?xml version = '1.0' encoding = 'UTF-8'?>
<FKIndexAssociation class="oracle.dbtools.crest.model.design.relational.FKIndexAssociation" directorySegmentName="seg_0" id="B09A9557-F5EF-D5DA-A7AB-52128CD5DB04" containerWithKeyObject="4C939B9B-144D-A8BF-7F88-A4AE66C8E1FF" localFKIndex="B05EED9F-AAAD-66D0-4404-99F0CFE0B2CB" name="CLIENT_AGENT_FK">
<createdBy>mashu</createdBy>
<createdTime>2017-11-07 19:33:55 UTC</createdTime>
<generatorID>242BB873-73C5-97BA-7CE6-67C2272343D7</generatorID>
<ownerDesignName>Revised Model2</ownerDesignName>
<referredTableLongName>AGENT</referredTableLongName>
<deleteRule>NO ACTION</deleteRule>
<referredTableID>2CCED268-E2B8-CE63-3B97-1131DBDCD950</referredTableID>
<keyObject>C3D36981-93A0-3889-EF3C-19E64118F9AC</keyObject>
<referredKeyID>C3D36981-93A0-3889-EF3C-19E64118F9AC</referredKeyID>
<mandatory>true</mandatory>
<refColNames>AgentID</refColNames>
<transferable>true</transferable>
<rely>false</rely>
<columnDependencyConstraintGenerateInDDL>true</columnDependencyConstraintGenerateInDDL>
</FKIndexAssociation>