<?xml version = '1.0' encoding = 'UTF-8'?>
<FKIndexAssociation class="oracle.dbtools.crest.model.design.relational.FKIndexAssociation" directorySegmentName="seg_0" id="CDACBF32-3B68-3BF6-A07C-730DBE36D61B" containerWithKeyObject="991DCD47-7614-C95F-265F-A8B7BD1B6CB1" localFKIndex="6D804A86-B6CA-D1A6-1F71-DDBE1F0141FF" name="AUTOPOLICY_AGENT_AUTOPOLICY_FK">
<createdBy>mashu</createdBy>
<createdTime>2017-11-07 19:49:17 UTC</createdTime>
<ownerDesignName>Revised Model2</ownerDesignName>
<referredTableLongName>AGENT_AUTOPOLICY</referredTableLongName>
<deleteRule>NO ACTION</deleteRule>
<referredTableID>8BB4A78A-62B6-B3A6-184A-B34B668D58D2</referredTableID>
<keyObject>AF4A4E3A-72F9-A71D-D663-414024630CE0</keyObject>
<referredKeyID>AF4A4E3A-72F9-A71D-D663-414024630CE0</referredKeyID>
<mandatory>true</mandatory>
<refColNames>AutoPolicyNo</refColNames>
<transferable>true</transferable>
<rely>false</rely>
<columnDependencyConstraintGenerateInDDL>true</columnDependencyConstraintGenerateInDDL>
</FKIndexAssociation>