<?xml version = '1.0' encoding = 'UTF-8'?>
<FKIndexAssociation class="oracle.dbtools.crest.model.design.relational.FKIndexAssociation" directorySegmentName="seg_0" id="D1AFBB72-87B0-5C46-7AB0-596A0FDA536C" containerWithKeyObject="4C939B9B-144D-A8BF-7F88-A4AE66C8E1FF" localFKIndex="976B9C43-A2F0-B7E7-7F5D-0CAC29A5BF67" name="CLIENT_AGENT_CLIENT_FK">
<createdBy>mashu</createdBy>
<createdTime>2017-11-07 19:52:27 UTC</createdTime>
<ownerDesignName>Revised Model2</ownerDesignName>
<referredTableLongName>AGENT_CLIENT</referredTableLongName>
<deleteRule>NO ACTION</deleteRule>
<referredTableID>F32D2F0E-79EE-7D0D-97EA-20F47E3B05A4</referredTableID>
<keyObject>672B5BD2-F613-18C4-6E82-21A13D1D8D89</keyObject>
<referredKeyID>672B5BD2-F613-18C4-6E82-21A13D1D8D89</referredKeyID>
<mandatory>true</mandatory>
<refColNames>ClientID</refColNames>
<transferable>true</transferable>
<rely>false</rely>
<columnDependencyConstraintGenerateInDDL>true</columnDependencyConstraintGenerateInDDL>
</FKIndexAssociation>