<?xml version = '1.0' encoding = 'UTF-8'?>
<FKIndexAssociation class="oracle.dbtools.crest.model.design.relational.FKIndexAssociation" directorySegmentName="seg_0" id="D87EAB02-B104-5EE1-9DE8-0100D299AD85" containerWithKeyObject="991DCD47-7614-C95F-265F-A8B7BD1B6CB1" localFKIndex="D628E928-48C2-D3BF-4202-4B669D759D2A" name="AUTOPOLICY_CLIENT_FK">
<createdBy>mashu</createdBy>
<createdTime>2017-11-07 19:33:55 UTC</createdTime>
<generatorID>71FEB4B0-6A08-A4E2-50A4-9979BA000A81</generatorID>
<ownerDesignName>Revised Model2</ownerDesignName>
<referredTableLongName>CLIENT</referredTableLongName>
<deleteRule>NO ACTION</deleteRule>
<referredTableID>4C939B9B-144D-A8BF-7F88-A4AE66C8E1FF</referredTableID>
<keyObject>93AE09BC-1E5F-273A-F166-66335CE47781</keyObject>
<referredKeyID>93AE09BC-1E5F-273A-F166-66335CE47781</referredKeyID>
<mandatory>true</mandatory>
<refColNames>ClientID</refColNames>
<transferable>true</transferable>
<rely>false</rely>
<columnDependencyConstraintGenerateInDDL>true</columnDependencyConstraintGenerateInDDL>
</FKIndexAssociation>