<?xml version = '1.0' encoding = 'UTF-8'?>
<FKIndexAssociation class="oracle.dbtools.crest.model.design.relational.FKIndexAssociation" directorySegmentName="seg_0" id="E70736D2-ED3A-FF9D-E096-95480D385250" containerWithKeyObject="9E3F2292-3EAB-9244-E3A9-CD0144998F72" localFKIndex="E78A6FEA-0713-FBFA-FABD-39067E35564A" name="LIFEPOLICY_CLIENT_FK">
<createdBy>mashu</createdBy>
<createdTime>2017-11-07 19:33:55 UTC</createdTime>
<generatorID>1B4D6D92-CF5D-4544-487E-AC9DB97FED93</generatorID>
<ownerDesignName>Revised Model2</ownerDesignName>
<referredTableLongName>CLIENT</referredTableLongName>
<deleteRule>NO ACTION</deleteRule>
<referredTableID>4C939B9B-144D-A8BF-7F88-A4AE66C8E1FF</referredTableID>
<keyObject>93AE09BC-1E5F-273A-F166-66335CE47781</keyObject>
<referredKeyID>93AE09BC-1E5F-273A-F166-66335CE47781</referredKeyID>
<mandatory>true</mandatory>
<refColNames>ClientID</refColNames>
<transferable>true</transferable>
<rely>false</rely>
<columnDependencyConstraintGenerateInDDL>true</columnDependencyConstraintGenerateInDDL>
</FKIndexAssociation>