<?xml version = '1.0' encoding = 'UTF-8'?>
<Relation class="oracle.dbtools.crest.model.design.logical.Relation" name="AGENT_CLIENT" directorySegmentName="seg_0" id="016CF891-4741-5688-5EAF-491A47716910">
<createdBy>HoddieMelo</createdBy>
<createdTime>2017-11-07 22:47:41 UTC</createdTime>
<ownerDesignName>Revised IDM</ownerDesignName>
<engineerTo>
<item key="C16D48B4-1A0A-D956-919D-F74DE30E102C" value="true"/>
</engineerTo>
<sourcePk>A3C04FF5-BC06-2572-4FC8-59CAE1C172FB</sourcePk>
<identifying>false</identifying>
<optionalSource>true</optionalSource>
<optionalTarget>false</optionalTarget>
<sourceCardinality>1</sourceCardinality>
<sourceEntity>173CEA19-342E-DEA6-9595-63CCB8CCDE4A</sourceEntity>
<targetCardinalityString>*</targetCardinalityString>
<targetEntity>6BD57B0B-13B1-B0D8-93E4-7B8CB9086CE2</targetEntity>
<transferable>true</transferable>
<deleteRule>NO ACTION</deleteRule>
</Relation>