<?xml version = '1.0' encoding = 'UTF-8'?>
<Relation class="oracle.dbtools.crest.model.design.logical.Relation" name="CLIENT_INVOICE" directorySegmentName="seg_0" id="1FDA5D88-3432-7CA1-8DD1-2258E6F5C4F9">
<createdBy>HoddieMelo</createdBy>
<createdTime>2017-11-07 22:47:41 UTC</createdTime>
<ownerDesignName>Revised IDM</ownerDesignName>
<engineerTo>
<item key="C16D48B4-1A0A-D956-919D-F74DE30E102C" value="true"/>
</engineerTo>
<sourcePk>ABBA8CED-7DFC-6C9B-8FB2-13B8E6D3BE72</sourcePk>
<identifying>false</identifying>
<optionalSource>true</optionalSource>
<optionalTarget>false</optionalTarget>
<sourceCardinality>1</sourceCardinality>
<sourceEntity>6BD57B0B-13B1-B0D8-93E4-7B8CB9086CE2</sourceEntity>
<targetCardinalityString>*</targetCardinalityString>
<targetEntity>26AC00FC-A210-CA53-BA26-655B6FCACD65</targetEntity>
<transferable>true</transferable>
<deleteRule>NO ACTION</deleteRule>
</Relation>