<?xml version = '1.0' encoding = 'UTF-8'?>
<Relation class="oracle.dbtools.crest.model.design.logical.Relation" name="AGENT_AUTOPOLICY" directorySegmentName="seg_0" id="3DCE33F3-24F5-A990-461B-1918785B2E4B">
<createdBy>HoddieMelo</createdBy>
<createdTime>2017-11-07 22:47:41 UTC</createdTime>
<ownerDesignName>Revised IDM</ownerDesignName>
<engineerTo>
<item key="C16D48B4-1A0A-D956-919D-F74DE30E102C" value="true"/>
</engineerTo>
<sourcePk>A3C04FF5-BC06-2572-4FC8-59CAE1C172FB</sourcePk>
<identifying>false</identifying>
<optionalSource>true</optionalSource>
<optionalTarget>false</optionalTarget>
<sourceCardinality>1</sourceCardinality>
<sourceEntity>173CEA19-342E-DEA6-9595-63CCB8CCDE4A</sourceEntity>
<targetCardinalityString>*</targetCardinalityString>
<targetEntity>A2C0E5D3-4ECD-014A-3769-818D94A4E3A3</targetEntity>
<transferable>true</transferable>
<deleteRule>NO ACTION</deleteRule>
</Relation>