<?xml version = '1.0' encoding = 'UTF-8'?>
<Relation class="oracle.dbtools.crest.model.design.logical.Relation" name="PAYMENT_INVOICE" directorySegmentName="seg_0" id="491CEF8B-3DBE-A49F-975D-A96A0B51C6F0">
<createdBy>HoddieMelo</createdBy>
<createdTime>2017-11-07 22:47:41 UTC</createdTime>
<ownerDesignName>Revised IDM</ownerDesignName>
<engineerTo>
<item key="C16D48B4-1A0A-D956-919D-F74DE30E102C" value="true"/>
</engineerTo>
<sourcePk>DD1E977A-4F82-0F84-4A9C-481AEBF1BECB</sourcePk>
<identifying>false</identifying>
<optionalSource>true</optionalSource>
<optionalTarget>false</optionalTarget>
<sourceCardinality>1</sourceCardinality>
<sourceEntity>EDA154F5-BC21-FC72-844B-F2F3409FB5FF</sourceEntity>
<targetCardinalityString>1</targetCardinalityString>
<targetEntity>26AC00FC-A210-CA53-BA26-655B6FCACD65</targetEntity>
<transferable>true</transferable>
<deleteRule>NO ACTION</deleteRule>
</Relation>