<?xml version = '1.0' encoding = 'UTF-8'?>
<Relation class="oracle.dbtools.crest.model.design.logical.Relation" name="CLIENT_PAYMENT" directorySegmentName="seg_0" id="74487B53-F2CE-C9CF-D281-263911F6BFD1">
<createdBy>HoddieMelo</createdBy>
<createdTime>2017-11-07 22:47:41 UTC</createdTime>
<ownerDesignName>Revised IDM</ownerDesignName>
<engineerTo>
<item key="C16D48B4-1A0A-D956-919D-F74DE30E102C" value="true"/>
</engineerTo>
<sourcePk>ABBA8CED-7DFC-6C9B-8FB2-13B8E6D3BE72</sourcePk>
<identifying>false</identifying>
<optionalSource>true</optionalSource>
<optionalTarget>false</optionalTarget>
<sourceCardinality>1</sourceCardinality>
<sourceEntity>6BD57B0B-13B1-B0D8-93E4-7B8CB9086CE2</sourceEntity>
<targetCardinalityString>*</targetCardinalityString>
<targetEntity>EDA154F5-BC21-FC72-844B-F2F3409FB5FF</targetEntity>
<transferable>true</transferable>
<deleteRule>NO ACTION</deleteRule>
</Relation>