<?xml version = '1.0' encoding = 'UTF-8'?>
<Relation class="oracle.dbtools.crest.model.design.logical.Relation" name="Relation_14" directorySegmentName="seg_0" id="75284D1A-8D95-8AB6-A92F-DC6E2A739123">
<createdBy>HoddieMelo</createdBy>
<createdTime>2017-11-07 22:47:41 UTC</createdTime>
<ownerDesignName>Revised IDM</ownerDesignName>
<engineerTo>
<item key="C16D48B4-1A0A-D956-919D-F74DE30E102C" value="true"/>
</engineerTo>
<sourcePk>759E9CAB-A4F4-CE4B-DC6D-6A901F0AF9FA</sourcePk>
<identifying>false</identifying>
<optionalSource>true</optionalSource>
<optionalTarget>false</optionalTarget>
<sourceCardinality>1</sourceCardinality>
<sourceEntity>A2C0E5D3-4ECD-014A-3769-818D94A4E3A3</sourceEntity>
<targetCardinalityString>*</targetCardinalityString>
<targetEntity>26AC00FC-A210-CA53-BA26-655B6FCACD65</targetEntity>
<transferable>true</transferable>
<deleteRule>NO ACTION</deleteRule>
</Relation>