<?xml version = '1.0' encoding = 'UTF-8'?>
<Relation class="oracle.dbtools.crest.model.design.logical.Relation" name="CLIENT_LIFEPOLICY" directorySegmentName="seg_0" id="9E11B3FA-8ED0-D851-0E0B-C812A486BE4D">
<createdBy>HoddieMelo</createdBy>
<createdTime>2017-11-07 22:47:41 UTC</createdTime>
<ownerDesignName>Revised IDM</ownerDesignName>
<engineerTo>
<item key="C16D48B4-1A0A-D956-919D-F74DE30E102C" value="true"/>
</engineerTo>
<sourcePk>ABBA8CED-7DFC-6C9B-8FB2-13B8E6D3BE72</sourcePk>
<identifying>true</identifying>
<optionalSource>true</optionalSource>
<optionalTarget>false</optionalTarget>
<sourceCardinality>1</sourceCardinality>
<sourceEntity>6BD57B0B-13B1-B0D8-93E4-7B8CB9086CE2</sourceEntity>
<targetCardinalityString>*</targetCardinalityString>
<targetEntity>9048D4F9-A452-A0DE-4B15-40343D6DD891</targetEntity>
<transferable>true</transferable>
<deleteRule>NO ACTION</deleteRule>
</Relation>