<?xml version = '1.0' encoding = 'UTF-8'?>
<Relation class="oracle.dbtools.crest.model.design.logical.Relation" name="LIFEPOLICY_CLAIM" directorySegmentName="seg_0" id="E0AB7776-95A0-9AF2-D073-5984BEB181D1">
<createdBy>HoddieMelo</createdBy>
<createdTime>2017-11-07 22:47:41 UTC</createdTime>
<ownerDesignName>Revised IDM</ownerDesignName>
<engineerTo>
<item key="C16D48B4-1A0A-D956-919D-F74DE30E102C" value="true"/>
</engineerTo>
<sourcePk>149220E8-89E1-3FE0-C03E-47CEDA1F18B1</sourcePk>
<identifying>false</identifying>
<optionalSource>true</optionalSource>
<optionalTarget>false</optionalTarget>
<sourceCardinality>1</sourceCardinality>
<sourceEntity>9048D4F9-A452-A0DE-4B15-40343D6DD891</sourceEntity>
<targetCardinalityString>*</targetCardinalityString>
<targetEntity>F42AAA50-63AD-EDFA-F24A-B8B6FDCFE714</targetEntity>
<transferable>true</transferable>
<deleteRule>NO ACTION</deleteRule>
</Relation>