<?xml version = '1.0' encoding = 'UTF-8'?>
<relationalModel class="oracle.dbtools.crest.model.design.relational.RelationalDesign" name="Relational_1" id="58D63F8B-20BB-0C50-EA64-57D6119CAC0C" mainViewID="F66329AA-93E9-0F63-3A75-B470722CFDC8">
<createdBy>mashu</createdBy>
<createdTime>2017-11-07 20:08:17 UTC</createdTime>
<ownerDesignName>Default Model</ownerDesignName>
<shouldBeOpen>false</shouldBeOpen>
<selectedRDBMSSite>32076570-2523-435C-2E92-BF29817DFF70</selectedRDBMSSite>
</relationalModel>