<?xml version = '1.0' encoding = 'UTF-8'?>
<Relation class="oracle.dbtools.crest.model.design.logical.Relation" name="CLIENT_LIFEPOLICY" directorySegmentName="seg_0" id="1B4D6D92-CF5D-4544-487E-AC9DB97FED93">
<createdBy>mashu</createdBy>
<createdTime>2017-11-07 19:27:03 UTC</createdTime>
<ownerDesignName>123</ownerDesignName>
<engineerTo>
<item key="159220C1-785C-73E3-A8E6-B55ED516DE0F" value="true"/>
</engineerTo>
<sourcePk>F7042975-83B4-288C-2A34-A293D2F97F06</sourcePk>
<identifying>true</identifying>
<optionalSource>true</optionalSource>
<optionalTarget>false</optionalTarget>
<sourceCardinality>1</sourceCardinality>
<sourceEntity>62B8AE91-16F2-B216-24D9-983234984606</sourceEntity>
<targetCardinalityString>*</targetCardinalityString>
<targetEntity>3F29CF1A-A59B-54B9-17B2-254EBEE1B609</targetEntity>
<transferable>true</transferable>
<deleteRule>NO ACTION</deleteRule>
</Relation>