<?xml version = '1.0' encoding = 'UTF-8'?>
<Relation class="oracle.dbtools.crest.model.design.logical.Relation" name="AGENT_CLIENT" directorySegmentName="seg_0" id="242BB873-73C5-97BA-7CE6-67C2272343D7">
<createdBy>HoddieMelo</createdBy>
<createdTime>2017-11-01 13:56:53 UTC</createdTime>
<ownerDesignName>123</ownerDesignName>
<engineerTo>
<item key="159220C1-785C-73E3-A8E6-B55ED516DE0F" value="true"/>
</engineerTo>
<sourcePk>99DCEE61-CB3D-3EA2-1073-76CBD77EF88F</sourcePk>
<identifying>false</identifying>
<optionalSource>true</optionalSource>
<optionalTarget>false</optionalTarget>
<sourceCardinality>1</sourceCardinality>
<sourceEntity>93AF0A9C-BDB6-E4B3-5475-DAA65B8FE40D</sourceEntity>
<targetCardinalityString>*</targetCardinalityString>
<targetEntity>62B8AE91-16F2-B216-24D9-983234984606</targetEntity>
<transferable>true</transferable>
<deleteRule>NO ACTION</deleteRule>
</Relation>