<?xml version = '1.0' encoding = 'UTF-8'?>
<Relation class="oracle.dbtools.crest.model.design.logical.Relation" name="CLIENT_AUTOPOLICY" directorySegmentName="seg_0" id="71FEB4B0-6A08-A4E2-50A4-9979BA000A81">
<createdBy>HoddieMelo</createdBy>
<createdTime>2017-11-01 13:58:57 UTC</createdTime>
<ownerDesignName>123</ownerDesignName>
<engineerTo>
<item key="159220C1-785C-73E3-A8E6-B55ED516DE0F" value="true"/>
</engineerTo>
<sourcePk>F7042975-83B4-288C-2A34-A293D2F97F06</sourcePk>
<identifying>false</identifying>
<optionalSource>true</optionalSource>
<optionalTarget>false</optionalTarget>
<sourceCardinality>1</sourceCardinality>
<sourceEntity>62B8AE91-16F2-B216-24D9-983234984606</sourceEntity>
<targetCardinalityString>*</targetCardinalityString>
<targetEntity>96BF066C-6C71-6E49-C189-CA417358D26F</targetEntity>
<transferable>true</transferable>
<deleteRule>NO ACTION</deleteRule>
</Relation>