<?xml version = '1.0' encoding = 'UTF-8'?>
<Relation class="oracle.dbtools.crest.model.design.logical.Relation" name="LIFEPOLICY_CLAIM" directorySegmentName="seg_0" id="7CAC7425-3A9D-E171-F116-7B3612945950">
<createdBy>HoddieMelo</createdBy>
<createdTime>2017-11-01 14:00:18 UTC</createdTime>
<ownerDesignName>123</ownerDesignName>
<engineerTo>
<item key="159220C1-785C-73E3-A8E6-B55ED516DE0F" value="true"/>
</engineerTo>
<sourcePk>BB408F4F-CAA3-FF39-11FB-C2F21F5DAB47</sourcePk>
<identifying>false</identifying>
<optionalSource>true</optionalSource>
<optionalTarget>false</optionalTarget>
<sourceCardinality>1</sourceCardinality>
<sourceEntity>3F29CF1A-A59B-54B9-17B2-254EBEE1B609</sourceEntity>
<targetCardinalityString>*</targetCardinalityString>
<targetEntity>489E268F-575A-D9AC-6723-6FD8DA39C6DA</targetEntity>
<transferable>true</transferable>
<deleteRule>NO ACTION</deleteRule>
</Relation>