<?xml version = '1.0' encoding = 'UTF-8'?>
<Relation class="oracle.dbtools.crest.model.design.logical.Relation" name="Relation_13" directorySegmentName="seg_0" id="8C741241-9A34-E9CE-9B72-C1FBC1E62737">
<createdBy>MrBla</createdBy>
<createdTime>2017-11-04 21:09:36 UTC</createdTime>
<ownerDesignName>123</ownerDesignName>
<engineerTo>
<item key="159220C1-785C-73E3-A8E6-B55ED516DE0F" value="true"/>
</engineerTo>
<sourcePk>BB408F4F-CAA3-FF39-11FB-C2F21F5DAB47</sourcePk>
<identifying>false</identifying>
<optionalSource>true</optionalSource>
<optionalTarget>false</optionalTarget>
<sourceCardinality>1</sourceCardinality>
<sourceEntity>3F29CF1A-A59B-54B9-17B2-254EBEE1B609</sourceEntity>
<targetCardinalityString>*</targetCardinalityString>
<targetEntity>644F95D4-13F4-A735-10EA-F9AEB1E68407</targetEntity>
<transferable>true</transferable>
<deleteRule>NO ACTION</deleteRule>
</Relation>