<?xml version = '1.0' encoding = 'UTF-8'?>
<Diagram class="oracle.dbtools.crest.swingui.relational.DPVRelational" name="Relational_1" id="144F364C-6FEE-B172-341D-0D517A63788D">
<createdBy>HoddieMelo</createdBy>
<modifiedBy>HoddieMelo</modifiedBy>
<createdTime>2017-11-01 14:21:55 UTC</createdTime>
<autoRoute>false</autoRoute>
<boxInbox>true</boxInbox>
<showLegend>false</showLegend>
<showLabels>false</showLabels>
<showRelAttributes>false</showRelAttributes>
<gridEnabled>false</gridEnabled>
<showGrid>false</showGrid>
<diagramColor>-1</diagramColor>
<display>false</display>
<notation>1</notation>
<objectViews>
<OView class="oracle.dbtools.crest.swingui.relational.TVTable" oid="077D2AFA-CB5B-0BC4-1F39-F016101B7891" otype="Table" vid="0897E656-BB93-164F-8A46-4AAE92B46F35">
<hideElementsInCurrentOnly>false</hideElementsInCurrentOnly>
<bounds x="916" y="1042" width="474" height="313"/>
<useCustomFormat>true</useCustomFormat>
<useDefaultColor>false</useDefaultColor>
<backgroundColor>-1</backgroundColor>
<foregroundColor>-16777216</foregroundColor>
<fonts itemClass="oracle.dbtools.crest.model.design.FontObjectWr">
<FontObject>
<foType>Title</foType>
<fontStyle>1</fontStyle>
<colorRGB>-16777216</colorRGB>
</FontObject>
<FontObject>
<foType>Column</foType>
<colorRGB>-16777216</colorRGB>
</FontObject>
<FontObject>
<foType>Datatype</foType>
<colorRGB>-16777216</colorRGB>
</FontObject>
<FontObject>
<foType>PK Element</foType>
<colorRGB>-16776961</colorRGB>
</FontObject>
<FontObject>
<foType>FK Element</foType>
<colorRGB>-16777216</colorRGB>
</FontObject>
<FontObject>
<foType>UK Element</foType>
<colorRGB>-16776961</colorRGB>
</FontObject>
<FontObject>
<foType>Not Null</foType>
<colorRGB>-65536</colorRGB>
</FontObject>
<FontObject>
<foType>Key</foType>
<colorRGB>-16777216</colorRGB>
</FontObject>
<FontObject>
<foType>Comments</foType>
<colorRGB>-12566464</colorRGB>
</FontObject>
</fonts>
</OView>
<OView class="oracle.dbtools.crest.swingui.relational.TVTable" oid="24F6DCA5-47F4-29D7-8FA9-16549D580070" otype="Table" vid="509F2345-C2C1-E4DA-2FCB-F43FDA256455">
<hideElementsInCurrentOnly>false</hideElementsInCurrentOnly>
<bounds x="409" y="268" width="317" height="156"/>
<useCustomFormat>true</useCustomFormat>
<useDefaultColor>false</useDefaultColor>
<backgroundColor>-1</backgroundColor>
<foregroundColor>-16777216</foregroundColor>
<fonts itemClass="oracle.dbtools.crest.model.design.FontObjectWr">
<FontObject>
<foType>Title</foType>
<fontStyle>1</fontStyle>
<colorRGB>-16777216</colorRGB>
</FontObject>
<FontObject>
<foType>Column</foType>
<colorRGB>-16777216</colorRGB>
</FontObject>
<FontObject>
<foType>Datatype</foType>
<colorRGB>-16777216</colorRGB>
</FontObject>
<FontObject>
<foType>PK Element</foType>
<colorRGB>-16776961</colorRGB>
</FontObject>
<FontObject>
<foType>FK Element</foType>
<colorRGB>-16777216</colorRGB>
</FontObject>
<FontObject>
<foType>UK Element</foType>
<colorRGB>-16776961</colorRGB>
</FontObject>
<FontObject>
<foType>Not Null</foType>
<colorRGB>-65536</colorRGB>
</FontObject>
<FontObject>
<foType>Key</foType>
<colorRGB>-16777216</colorRGB>
</FontObject>
<FontObject>
<foType>Comments</foType>
<colorRGB>-12566464</colorRGB>
</FontObject>
</fonts>
</OView>
<OView class="oracle.dbtools.crest.swingui.relational.TVTable" oid="2CCED268-E2B8-CE63-3B97-1131DBDCD950" otype="Table" vid="D7DAFE35-3809-1E47-FC43-72D7CDDC6DBB">
<hideElementsInCurrentOnly>false</hideElementsInCurrentOnly>
<bounds x="824" y="164" width="307" height="93"/>
<useCustomFormat>true</useCustomFormat>
<useDefaultColor>false</useDefaultColor>
<backgroundColor>-1</backgroundColor>
<foregroundColor>-16777216</foregroundColor>
<fonts itemClass="oracle.dbtools.crest.model.design.FontObjectWr">
<FontObject>
<foType>Title</foType>
<fontStyle>1</fontStyle>
<colorRGB>-16777216</colorRGB>
</FontObject>
<FontObject>
<foType>Column</foType>
<colorRGB>-16777216</colorRGB>
</FontObject>
<FontObject>
<foType>Datatype</foType>
<colorRGB>-16777216</colorRGB>
</FontObject>
<FontObject>
<foType>PK Element</foType>
<colorRGB>-16776961</colorRGB>
</FontObject>
<FontObject>
<foType>FK Element</foType>
<colorRGB>-16777216</colorRGB>
</FontObject>
<FontObject>
<foType>UK Element</foType>
<colorRGB>-16776961</colorRGB>
</FontObject>
<FontObject>
<foType>Not Null</foType>
<colorRGB>-65536</colorRGB>
</FontObject>
<FontObject>
<foType>Key</foType>
<colorRGB>-16777216</colorRGB>
</FontObject>
<FontObject>
<foType>Comments</foType>
<colorRGB>-12566464</colorRGB>
</FontObject>
</fonts>
</OView>
<OView class="oracle.dbtools.crest.swingui.relational.TVTable" oid="4C939B9B-144D-A8BF-7F88-A4AE66C8E1FF" otype="Table" vid="013F3912-6CCE-E825-F97C-F3BE0CB97B10">
<hideElementsInCurrentOnly>false</hideElementsInCurrentOnly>
<bounds x="946" y="781" width="413" height="182"/>
<useCustomFormat>true</useCustomFormat>
<useDefaultColor>false</useDefaultColor>
<backgroundColor>-1</backgroundColor>
<foregroundColor>-16777216</foregroundColor>
<fonts itemClass="oracle.dbtools.crest.model.design.FontObjectWr">
<FontObject>
<foType>Title</foType>
<fontStyle>1</fontStyle>
<colorRGB>-16777216</colorRGB>
</FontObject>
<FontObject>
<foType>Column</foType>
<colorRGB>-16777216</colorRGB>
</FontObject>
<FontObject>
<foType>Datatype</foType>
<colorRGB>-16777216</colorRGB>
</FontObject>
<FontObject>
<foType>PK Element</foType>
<colorRGB>-16776961</colorRGB>
</FontObject>
<FontObject>
<foType>FK Element</foType>
<colorRGB>-16777216</colorRGB>
</FontObject>
<FontObject>
<foType>UK Element</foType>
<colorRGB>-16776961</colorRGB>
</FontObject>
<FontObject>
<foType>Not Null</foType>
<colorRGB>-65536</colorRGB>
</FontObject>
<FontObject>
<foType>Key</foType>
<colorRGB>-16777216</colorRGB>
</FontObject>
<FontObject>
<foType>Comments</foType>
<colorRGB>-12566464</colorRGB>
</FontObject>
</fonts>
</OView>
<OView class="oracle.dbtools.crest.swingui.relational.TVTable" oid="4F16EBA4-CF28-0B4B-CE38-F33D7ADEA96F" otype="Table" vid="6367B6F6-802F-40E5-5646-17D593F24B88">
<hideElementsInCurrentOnly>false</hideElementsInCurrentOnly>
<bounds x="1725" y="231" width="268" height="149"/>
<useCustomFormat>true</useCustomFormat>
<useDefaultColor>false</useDefaultColor>
<backgroundColor>-1</backgroundColor>
<foregroundColor>-16777216</foregroundColor>
<fonts itemClass="oracle.dbtools.crest.model.design.FontObjectWr">
<FontObject>
<foType>Title</foType>
<fontStyle>1</fontStyle>
<colorRGB>-16777216</colorRGB>
</FontObject>
<FontObject>
<foType>Column</foType>
<colorRGB>-16777216</colorRGB>
</FontObject>
<FontObject>
<foType>Datatype</foType>
<colorRGB>-16777216</colorRGB>
</FontObject>
<FontObject>
<foType>PK Element</foType>
<colorRGB>-16776961</colorRGB>
</FontObject>
<FontObject>
<foType>FK Element</foType>
<colorRGB>-16777216</colorRGB>
</FontObject>
<FontObject>
<foType>UK Element</foType>
<colorRGB>-16776961</colorRGB>
</FontObject>
<FontObject>
<foType>Not Null</foType>
<colorRGB>-65536</colorRGB>
</FontObject>
<FontObject>
<foType>Key</foType>
<colorRGB>-16777216</colorRGB>
</FontObject>
<FontObject>
<foType>Comments</foType>
<colorRGB>-12566464</colorRGB>
</FontObject>
</fonts>
</OView>
<OView class="oracle.dbtools.crest.swingui.relational.TVTable" oid="552D0A5F-7515-EF0B-A73E-57BDAA5ACCC2" otype="Table" vid="B9B913D0-6561-0241-71D1-6F0AFF4333DA">
<hideElementsInCurrentOnly>false</hideElementsInCurrentOnly>
<bounds x="1492" y="1229" width="473" height="186"/>
<useCustomFormat>true</useCustomFormat>
<useDefaultColor>false</useDefaultColor>
<backgroundColor>-1</backgroundColor>
<foregroundColor>-16777216</foregroundColor>
<fonts itemClass="oracle.dbtools.crest.model.design.FontObjectWr">
<FontObject>
<foType>Title</foType>
<fontStyle>1</fontStyle>
<colorRGB>-16777216</colorRGB>
</FontObject>
<FontObject>
<foType>Column</foType>
<colorRGB>-16777216</colorRGB>
</FontObject>
<FontObject>
<foType>Datatype</foType>
<colorRGB>-16777216</colorRGB>
</FontObject>
<FontObject>
<foType>PK Element</foType>
<colorRGB>-16776961</colorRGB>
</FontObject>
<FontObject>
<foType>FK Element</foType>
<colorRGB>-16777216</colorRGB>
</FontObject>
<FontObject>
<foType>UK Element</foType>
<colorRGB>-16776961</colorRGB>
</FontObject>
<FontObject>
<foType>Not Null</foType>
<colorRGB>-65536</colorRGB>
</FontObject>
<FontObject>
<foType>Key</foType>
<colorRGB>-16777216</colorRGB>
</FontObject>
<FontObject>
<foType>Comments</foType>
<colorRGB>-12566464</colorRGB>
</FontObject>
</fonts>
</OView>
<OView class="oracle.dbtools.crest.swingui.relational.TVTable" oid="775C54F0-86E3-8B18-D088-A8AEBA9A51EE" otype="Table" vid="D04ED2DA-A351-B183-9591-EB5C2CE2C574">
<hideElementsInCurrentOnly>false</hideElementsInCurrentOnly>
<bounds x="510" y="1169" width="322" height="128"/>
<useCustomFormat>true</useCustomFormat>
<useDefaultColor>false</useDefaultColor>
<backgroundColor>-1</backgroundColor>
<foregroundColor>-16777216</foregroundColor>
<fonts itemClass="oracle.dbtools.crest.model.design.FontObjectWr">
<FontObject>
<foType>Title</foType>
<fontStyle>1</fontStyle>
<colorRGB>-16777216</colorRGB>
</FontObject>
<FontObject>
<foType>Column</foType>
<colorRGB>-16777216</colorRGB>
</FontObject>
<FontObject>
<foType>Datatype</foType>
<colorRGB>-16777216</colorRGB>
</FontObject>
<FontObject>
<foType>PK Element</foType>
<colorRGB>-16776961</colorRGB>
</FontObject>
<FontObject>
<foType>FK Element</foType>
<colorRGB>-16777216</colorRGB>
</FontObject>
<FontObject>
<foType>UK Element</foType>
<colorRGB>-16776961</colorRGB>
</FontObject>
<FontObject>
<foType>Not Null</foType>
<colorRGB>-65536</colorRGB>
</FontObject>
<FontObject>
<foType>Key</foType>
<colorRGB>-16777216</colorRGB>
</FontObject>
<FontObject>
<foType>Comments</foType>
<colorRGB>-12566464</colorRGB>
</FontObject>
</fonts>
</OView>
<OView class="oracle.dbtools.crest.swingui.relational.TVTable" oid="8BB4A78A-62B6-B3A6-184A-B34B668D58D2" otype="Table" vid="74D02FC5-98C9-C5FD-8445-BB24929DA983">
<hideElementsInCurrentOnly>false</hideElementsInCurrentOnly>
<bounds x="1301" y="241" width="346" height="144"/>
<useCustomFormat>true</useCustomFormat>
<useDefaultColor>false</useDefaultColor>
<backgroundColor>-1</backgroundColor>
<foregroundColor>-16777216</foregroundColor>
<fonts itemClass="oracle.dbtools.crest.model.design.FontObjectWr">
<FontObject>
<foType>Title</foType>
<fontStyle>1</fontStyle>
<colorRGB>-16777216</colorRGB>
</FontObject>
<FontObject>
<foType>Column</foType>
<colorRGB>-16777216</colorRGB>
</FontObject>
<FontObject>
<foType>Datatype</foType>
<colorRGB>-16777216</colorRGB>
</FontObject>
<FontObject>
<foType>PK Element</foType>
<colorRGB>-16776961</colorRGB>
</FontObject>
<FontObject>
<foType>FK Element</foType>
<colorRGB>-16777216</colorRGB>
</FontObject>
<FontObject>
<foType>UK Element</foType>
<colorRGB>-16776961</colorRGB>
</FontObject>
<FontObject>
<foType>Not Null</foType>
<colorRGB>-65536</colorRGB>
</FontObject>
<FontObject>
<foType>Key</foType>
<colorRGB>-16777216</colorRGB>
</FontObject>
<FontObject>
<foType>Comments</foType>
<colorRGB>-12566464</colorRGB>
</FontObject>
</fonts>
</OView>
<OView class="oracle.dbtools.crest.swingui.relational.TVTable" oid="991DCD47-7614-C95F-265F-A8B7BD1B6CB1" otype="Table" vid="6E7D8D06-8B12-5F85-5DA3-CD01E0FAE830">
<hideElementsInCurrentOnly>false</hideElementsInCurrentOnly>
<bounds x="1436" y="622" width="447" height="219"/>
<useCustomFormat>true</useCustomFormat>
<useDefaultColor>false</useDefaultColor>
<backgroundColor>-1</backgroundColor>
<foregroundColor>-16777216</foregroundColor>
<fonts itemClass="oracle.dbtools.crest.model.design.FontObjectWr">
<FontObject>
<foType>Title</foType>
<fontStyle>1</fontStyle>
<colorRGB>-16777216</colorRGB>
</FontObject>
<FontObject>
<foType>Column</foType>
<colorRGB>-16777216</colorRGB>
</FontObject>
<FontObject>
<foType>Datatype</foType>
<colorRGB>-16777216</colorRGB>
</FontObject>
<FontObject>
<foType>PK Element</foType>
<colorRGB>-16776961</colorRGB>
</FontObject>
<FontObject>
<foType>FK Element</foType>
<colorRGB>-16777216</colorRGB>
</FontObject>
<FontObject>
<foType>UK Element</foType>
<colorRGB>-16776961</colorRGB>
</FontObject>
<FontObject>
<foType>Not Null</foType>
<colorRGB>-65536</colorRGB>
</FontObject>
<FontObject>
<foType>Key</foType>
<colorRGB>-16777216</colorRGB>
</FontObject>
<FontObject>
<foType>Comments</foType>
<colorRGB>-12566464</colorRGB>
</FontObject>
</fonts>
</OView>
<OView class="oracle.dbtools.crest.swingui.relational.TVTable" oid="9A490BB5-1040-795F-8A8C-05125BA9E4C4" otype="Table" vid="461F244B-F45D-74EC-8B00-8FBF06DCBDD8">
<hideElementsInCurrentOnly>false</hideElementsInCurrentOnly>
<bounds x="1108" y="470" width="308" height="221"/>
<useCustomFormat>true</useCustomFormat>
<useDefaultColor>false</useDefaultColor>
<backgroundColor>-1</backgroundColor>
<foregroundColor>-16777216</foregroundColor>
<fonts itemClass="oracle.dbtools.crest.model.design.FontObjectWr">
<FontObject>
<foType>Title</foType>
<fontStyle>1</fontStyle>
<colorRGB>-16777216</colorRGB>
</FontObject>
<FontObject>
<foType>Column</foType>
<colorRGB>-16777216</colorRGB>
</FontObject>
<FontObject>
<foType>Datatype</foType>
<colorRGB>-16777216</colorRGB>
</FontObject>
<FontObject>
<foType>PK Element</foType>
<colorRGB>-16776961</colorRGB>
</FontObject>
<FontObject>
<foType>FK Element</foType>
<colorRGB>-16777216</colorRGB>
</FontObject>
<FontObject>
<foType>UK Element</foType>
<colorRGB>-16776961</colorRGB>
</FontObject>
<FontObject>
<foType>Not Null</foType>
<colorRGB>-65536</colorRGB>
</FontObject>
<FontObject>
<foType>Key</foType>
<colorRGB>-16777216</colorRGB>
</FontObject>
<FontObject>
<foType>Comments</foType>
<colorRGB>-12566464</colorRGB>
</FontObject>
</fonts>
</OView>
<OView class="oracle.dbtools.crest.swingui.relational.TVTable" oid="9E3F2292-3EAB-9244-E3A9-CD0144998F72" otype="Table" vid="1E19F109-9471-BBDF-7447-D004E6BFB2EF">
<hideElementsInCurrentOnly>false</hideElementsInCurrentOnly>
<bounds x="343" y="491" width="418" height="240"/>
<useCustomFormat>true</useCustomFormat>
<useDefaultColor>false</useDefaultColor>
<backgroundColor>-1</backgroundColor>
<foregroundColor>-16777216</foregroundColor>
<fonts itemClass="oracle.dbtools.crest.model.design.FontObjectWr">
<FontObject>
<foType>Title</foType>
<fontStyle>1</fontStyle>
<colorRGB>-16777216</colorRGB>
</FontObject>
<FontObject>
<foType>Column</foType>
<colorRGB>-16777216</colorRGB>
</FontObject>
<FontObject>
<foType>Datatype</foType>
<colorRGB>-16777216</colorRGB>
</FontObject>
<FontObject>
<foType>PK Element</foType>
<colorRGB>-16776961</colorRGB>
</FontObject>
<FontObject>
<foType>FK Element</foType>
<colorRGB>-16777216</colorRGB>
</FontObject>
<FontObject>
<foType>UK Element</foType>
<colorRGB>-16776961</colorRGB>
</FontObject>
<FontObject>
<foType>Not Null</foType>
<colorRGB>-65536</colorRGB>
</FontObject>
<FontObject>
<foType>Key</foType>
<colorRGB>-16777216</colorRGB>
</FontObject>
<FontObject>
<foType>Comments</foType>
<colorRGB>-12566464</colorRGB>
</FontObject>
</fonts>
</OView>
<OView class="oracle.dbtools.crest.swingui.relational.TVTable" oid="F32D2F0E-79EE-7D0D-97EA-20F47E3B05A4" otype="Table" vid="C0F07523-0E94-02F0-6761-63628FB1C200">
<hideElementsInCurrentOnly>false</hideElementsInCurrentOnly>
<bounds x="781" y="451" width="270" height="128"/>
<useCustomFormat>true</useCustomFormat>
<useDefaultColor>false</useDefaultColor>
<backgroundColor>-1</backgroundColor>
<foregroundColor>-16777216</foregroundColor>
<fonts itemClass="oracle.dbtools.crest.model.design.FontObjectWr">
<FontObject>
<foType>Title</foType>
<fontStyle>1</fontStyle>
<colorRGB>-16777216</colorRGB>
</FontObject>
<FontObject>
<foType>Column</foType>
<colorRGB>-16777216</colorRGB>
</FontObject>
<FontObject>
<foType>Datatype</foType>
<colorRGB>-16777216</colorRGB>
</FontObject>
<FontObject>
<foType>PK Element</foType>
<colorRGB>-16776961</colorRGB>
</FontObject>
<FontObject>
<foType>FK Element</foType>
<colorRGB>-16777216</colorRGB>
</FontObject>
<FontObject>
<foType>UK Element</foType>
<colorRGB>-16776961</colorRGB>
</FontObject>
<FontObject>
<foType>Not Null</foType>
<colorRGB>-65536</colorRGB>
</FontObject>
<FontObject>
<foType>Key</foType>
<colorRGB>-16777216</colorRGB>
</FontObject>
<FontObject>
<foType>Comments</foType>
<colorRGB>-12566464</colorRGB>
</FontObject>
</fonts>
</OView>
</objectViews>
<connectors>
<Connector class="oracle.dbtools.crest.swingui.relational.TVFKRelation" oid="03DF2825-E330-4CD9-A0DC-D2FA336326FD" otype="FKIndexAssociation" vid_source="D7DAFE35-3809-1E47-FC43-72D7CDDC6DBB" vid_target="74D02FC5-98C9-C5FD-8445-BB24929DA983">
<hideElementsInCurrentOnly>false</hideElementsInCurrentOnly>
<lineWidth>1</lineWidth>
<points>
<point x="1131" y="249"/>
<point x="1301" y="249"/>
</points>
</Connector>
<Connector class="oracle.dbtools.crest.swingui.relational.TVFKRelation" oid="32230B47-6468-24A3-DEF8-80032A65C32A" otype="FKIndexAssociation" vid_source="461F244B-F45D-74EC-8B00-8FBF06DCBDD8" vid_target="6E7D8D06-8B12-5F85-5DA3-CD01E0FAE830">
<hideElementsInCurrentOnly>false</hideElementsInCurrentOnly>
<lineWidth>1</lineWidth>
<points>
<point x="1416" y="533"/>
<point x="1621" y="533"/>
<point x="1621" y="622"/>
</points>
</Connector>
<Connector class="oracle.dbtools.crest.swingui.relational.TVFKRelation" oid="3408432D-50CC-7DA8-E421-4FD80D7DB281" otype="FKIndexAssociation" vid_source="509F2345-C2C1-E4DA-2FCB-F43FDA256455" vid_target="1E19F109-9471-BBDF-7447-D004E6BFB2EF">
<hideElementsInCurrentOnly>false</hideElementsInCurrentOnly>
<lineWidth>1</lineWidth>
<points>
<point x="567" y="424"/>
<point x="567" y="491"/>
</points>
</Connector>
<Connector class="oracle.dbtools.crest.swingui.relational.TVFKRelation" oid="3651E596-3A72-3088-A391-EE8F924BE198" otype="FKIndexAssociation" vid_source="013F3912-6CCE-E825-F97C-F3BE0CB97B10" vid_target="D04ED2DA-A351-B183-9591-EB5C2CE2C574">
<hideElementsInCurrentOnly>false</hideElementsInCurrentOnly>
<lineWidth>1</lineWidth>
<points>
<point x="1031" y="963"/>
<point x="756" y="1169"/>
</points>
</Connector>
<Connector class="oracle.dbtools.crest.swingui.relational.TVFKRelation" oid="386F9722-52CC-9560-38DE-72909C23B3E2" otype="FKIndexAssociation" vid_source="1E19F109-9471-BBDF-7447-D004E6BFB2EF" vid_target="0897E656-BB93-164F-8A46-4AAE92B46F35">
<hideElementsInCurrentOnly>false</hideElementsInCurrentOnly>
<lineWidth>1</lineWidth>
<points>
<point x="674" y="731"/>
<point x="992" y="1042"/>
</points>
</Connector>
<Connector class="oracle.dbtools.crest.swingui.relational.TVFKRelation" oid="5CA75E22-4FD8-64F5-899B-767CD980931C" otype="FKIndexAssociation" vid_source="D04ED2DA-A351-B183-9591-EB5C2CE2C574" vid_target="1E19F109-9471-BBDF-7447-D004E6BFB2EF">
<hideElementsInCurrentOnly>false</hideElementsInCurrentOnly>
<lineWidth>1</lineWidth>
<points>
<point x="635" y="1169"/>
<point x="635" y="731"/>
</points>
</Connector>
<Connector class="oracle.dbtools.crest.swingui.relational.TVFKRelation" oid="5F557DFA-3A28-E958-DC30-CDFD871BAF29" otype="FKIndexAssociation" vid_source="013F3912-6CCE-E825-F97C-F3BE0CB97B10" vid_target="461F244B-F45D-74EC-8B00-8FBF06DCBDD8">
<hideElementsInCurrentOnly>false</hideElementsInCurrentOnly>
<lineWidth>1</lineWidth>
<points>
<point x="1233" y="781"/>
<point x="1233" y="691"/>
</points>
</Connector>
<Connector class="oracle.dbtools.crest.swingui.relational.TVFKRelation" oid="62CEA87C-F6C9-9AE0-62F1-CDEB60DE5427" otype="FKIndexAssociation" vid_source="013F3912-6CCE-E825-F97C-F3BE0CB97B10" vid_target="0897E656-BB93-164F-8A46-4AAE92B46F35">
<hideElementsInCurrentOnly>false</hideElementsInCurrentOnly>
<lineWidth>1</lineWidth>
<points>
<point x="1152" y="963"/>
<point x="1152" y="1042"/>
</points>
</Connector>
<Connector class="oracle.dbtools.crest.swingui.relational.TVFKRelation" oid="71D6AC19-BCDE-C1C8-7B6C-F9A67B8129A6" otype="FKIndexAssociation" vid_source="D7DAFE35-3809-1E47-FC43-72D7CDDC6DBB" vid_target="C0F07523-0E94-02F0-6761-63628FB1C200">
<hideElementsInCurrentOnly>false</hideElementsInCurrentOnly>
<lineWidth>1</lineWidth>
<points>
<point x="947" y="257"/>
<point x="947" y="451"/>
</points>
</Connector>
<Connector class="oracle.dbtools.crest.swingui.relational.TVFKRelation" oid="82333BB6-D598-2139-CA36-F3EAFAD3BB0F" otype="FKIndexAssociation" vid_source="D7DAFE35-3809-1E47-FC43-72D7CDDC6DBB" vid_target="6E7D8D06-8B12-5F85-5DA3-CD01E0FAE830">
<hideElementsInCurrentOnly>false</hideElementsInCurrentOnly>
<lineWidth>1</lineWidth>
<points>
<point x="1131" y="176"/>
<point x="2030" y="176"/>
<point x="2030" y="736"/>
<point x="1883" y="736"/>
</points>
</Connector>
<Connector class="oracle.dbtools.crest.swingui.relational.TVFKRelation" oid="8DC8258E-24AB-6C8A-D3BA-F8BFE5A5C933" otype="FKIndexAssociation" vid_source="6367B6F6-802F-40E5-5646-17D593F24B88" vid_target="0897E656-BB93-164F-8A46-4AAE92B46F35">
<hideElementsInCurrentOnly>false</hideElementsInCurrentOnly>
<lineWidth>1</lineWidth>
<points>
<point x="1936" y="380"/>
<point x="1936" y="397"/>
<point x="1934" y="1174"/>
<point x="1390" y="1174"/>
</points>
</Connector>
<Connector class="oracle.dbtools.crest.swingui.relational.TVFKRelation" oid="96322719-EB08-65AB-A46D-F2ABEC8D5BDE" otype="FKIndexAssociation" vid_source="6E7D8D06-8B12-5F85-5DA3-CD01E0FAE830" vid_target="0897E656-BB93-164F-8A46-4AAE92B46F35">
<hideElementsInCurrentOnly>false</hideElementsInCurrentOnly>
<lineWidth>1</lineWidth>
<points>
<point x="1540" y="841"/>
<point x="1322" y="1042"/>
</points>
</Connector>
<Connector class="oracle.dbtools.crest.swingui.relational.TVFKRelation" oid="AC2ED360-340B-11E7-BA13-76C12BCF5B99" otype="FKIndexAssociation" vid_source="D7DAFE35-3809-1E47-FC43-72D7CDDC6DBB" vid_target="1E19F109-9471-BBDF-7447-D004E6BFB2EF">
<hideElementsInCurrentOnly>false</hideElementsInCurrentOnly>
<lineWidth>1</lineWidth>
<points>
<point x="928" y="257"/>
<point x="679" y="491"/>
</points>
</Connector>
<Connector class="oracle.dbtools.crest.swingui.relational.TVFKRelation" oid="B086D82B-25B7-D118-6CD8-D659F89F2C21" otype="FKIndexAssociation" vid_source="D7DAFE35-3809-1E47-FC43-72D7CDDC6DBB" vid_target="509F2345-C2C1-E4DA-2FCB-F43FDA256455">
<hideElementsInCurrentOnly>false</hideElementsInCurrentOnly>
<lineWidth>1</lineWidth>
<points>
<point x="836" y="257"/>
<point x="726" y="293"/>
</points>
</Connector>
<Connector class="oracle.dbtools.crest.swingui.relational.TVFKRelation" oid="B09A9557-F5EF-D5DA-A7AB-52128CD5DB04" otype="FKIndexAssociation" vid_source="D7DAFE35-3809-1E47-FC43-72D7CDDC6DBB" vid_target="013F3912-6CCE-E825-F97C-F3BE0CB97B10">
<hideElementsInCurrentOnly>false</hideElementsInCurrentOnly>
<lineWidth>1</lineWidth>
<points>
<point x="1038" y="257"/>
<point x="1038" y="781"/>
</points>
</Connector>
<Connector class="oracle.dbtools.crest.swingui.relational.TVFKRelation" oid="BCF5CA21-E7DF-A668-3170-EA7EE2E12422" otype="FKIndexAssociation" vid_source="6E7D8D06-8B12-5F85-5DA3-CD01E0FAE830" vid_target="B9B913D0-6561-0241-71D1-6F0AFF4333DA">
<hideElementsInCurrentOnly>false</hideElementsInCurrentOnly>
<lineWidth>1</lineWidth>
<points>
<point x="1687" y="841"/>
<point x="1687" y="1229"/>
</points>
</Connector>
<Connector class="oracle.dbtools.crest.swingui.relational.TVFKRelation" oid="CDACBF32-3B68-3BF6-A07C-730DBE36D61B" otype="FKIndexAssociation" vid_source="74D02FC5-98C9-C5FD-8445-BB24929DA983" vid_target="6E7D8D06-8B12-5F85-5DA3-CD01E0FAE830">
<hideElementsInCurrentOnly>false</hideElementsInCurrentOnly>
<lineWidth>1</lineWidth>
<points>
<point x="1541" y="385"/>
<point x="1541" y="622"/>
</points>
</Connector>
<Connector class="oracle.dbtools.crest.swingui.relational.TVFKRelation" oid="D1AFBB72-87B0-5C46-7AB0-596A0FDA536C" otype="FKIndexAssociation" vid_source="C0F07523-0E94-02F0-6761-63628FB1C200" vid_target="013F3912-6CCE-E825-F97C-F3BE0CB97B10">
<hideElementsInCurrentOnly>false</hideElementsInCurrentOnly>
<lineWidth>1</lineWidth>
<points>
<point x="998" y="579"/>
<point x="998" y="781"/>
</points>
</Connector>
<Connector class="oracle.dbtools.crest.swingui.relational.TVFKRelation" oid="D87EAB02-B104-5EE1-9DE8-0100D299AD85" otype="FKIndexAssociation" vid_source="013F3912-6CCE-E825-F97C-F3BE0CB97B10" vid_target="6E7D8D06-8B12-5F85-5DA3-CD01E0FAE830">
<hideElementsInCurrentOnly>false</hideElementsInCurrentOnly>
<lineWidth>1</lineWidth>
<points>
<point x="1359" y="811"/>
<point x="1436" y="811"/>
</points>
</Connector>
<Connector class="oracle.dbtools.crest.swingui.relational.TVFKRelation" oid="E42B028B-6702-9B44-CCDE-056B536FEC8E" otype="FKIndexAssociation" vid_source="1E19F109-9471-BBDF-7447-D004E6BFB2EF" vid_target="B9B913D0-6561-0241-71D1-6F0AFF4333DA">
<hideElementsInCurrentOnly>false</hideElementsInCurrentOnly>
<lineWidth>1</lineWidth>
<points>
<point x="474" y="731"/>
<point x="474" y="1365"/>
<point x="1492" y="1365"/>
</points>
</Connector>
<Connector class="oracle.dbtools.crest.swingui.relational.TVFKRelation" oid="E70736D2-ED3A-FF9D-E096-95480D385250" otype="FKIndexAssociation" vid_source="013F3912-6CCE-E825-F97C-F3BE0CB97B10" vid_target="1E19F109-9471-BBDF-7447-D004E6BFB2EF">
<hideElementsInCurrentOnly>false</hideElementsInCurrentOnly>
<lineWidth>1</lineWidth>
<points>
<point x="946" y="782"/>
<point x="761" y="701"/>
</points>
</Connector>
<Connector class="oracle.dbtools.crest.swingui.relational.TVFKRelation" oid="FAB6CBAE-0D73-E0D5-C088-FCCD0E3A98D0" otype="FKIndexAssociation" vid_source="013F3912-6CCE-E825-F97C-F3BE0CB97B10" vid_target="6367B6F6-802F-40E5-5646-17D593F24B88">
<hideElementsInCurrentOnly>false</hideElementsInCurrentOnly>
<lineWidth>1</lineWidth>
<points>
<point x="1359" y="934"/>
<point x="1913" y="934"/>
<point x="1913" y="380"/>
</points>
</Connector>
</connectors>
</Diagram>