<?xml version = '1.0' encoding = 'UTF-8'?>
<relationalModel class="oracle.dbtools.crest.model.design.relational.RelationalDesign" name="Relational_1" id="159220C1-785C-73E3-A8E6-B55ED516DE0F" mainViewID="144F364C-6FEE-B172-341D-0D517A63788D">
<createdBy>HoddieMelo</createdBy>
<createdTime>2017-11-01 13:33:16 UTC</createdTime>
<ownerDesignName>project phrase 2</ownerDesignName>
<shouldBeOpen>true</shouldBeOpen>
<selectedRDBMSSite>32076570-2523-435C-2E92-BF29817DFF70</selectedRDBMSSite>
</relationalModel>