<?xml version = '1.0' encoding = 'UTF-8'?>
<Relation class="oracle.dbtools.crest.model.design.logical.Relation" name="AUOTOPOLICY_CLIAM" directorySegmentName="seg_0" id="18B7FD79-544A-13DE-EF74-B05EE5BB9FC8">
<createdBy>HoddieMelo</createdBy>
<createdTime>2017-11-01 14:00:43 UTC</createdTime>
<ownerDesignName>Revised Model2</ownerDesignName>
<engineerTo>
<item key="159220C1-785C-73E3-A8E6-B55ED516DE0F" value="true"/>
</engineerTo>
<sourcePk>5955F4AD-2B23-F3C7-88DF-105B9B32E80D</sourcePk>
<identifying>false</identifying>
<optionalSource>true</optionalSource>
<optionalTarget>false</optionalTarget>
<sourceCardinality>1</sourceCardinality>
<sourceEntity>96BF066C-6C71-6E49-C189-CA417358D26F</sourceEntity>
<targetCardinalityString>*</targetCardinalityString>
<targetEntity>489E268F-575A-D9AC-6723-6FD8DA39C6DA</targetEntity>
<transferable>true</transferable>
<deleteRule>NO ACTION</deleteRule>
</Relation>