<?xml version = '1.0' encoding = 'UTF-8'?>
<Relation class="oracle.dbtools.crest.model.design.logical.Relation" name="CLIENT_PAYMENT" directorySegmentName="seg_0" id="335733A6-BCC7-4A79-76C7-D3EA107176BB">
<createdBy>HoddieMelo</createdBy>
<createdTime>2017-11-01 14:07:11 UTC</createdTime>
<ownerDesignName>Revised Model2</ownerDesignName>
<engineerTo>
<item key="159220C1-785C-73E3-A8E6-B55ED516DE0F" value="true"/>
</engineerTo>
<sourcePk>F7042975-83B4-288C-2A34-A293D2F97F06</sourcePk>
<identifying>false</identifying>
<optionalSource>true</optionalSource>
<optionalTarget>false</optionalTarget>
<sourceCardinality>1</sourceCardinality>
<sourceEntity>62B8AE91-16F2-B216-24D9-983234984606</sourceEntity>
<targetCardinalityString>*</targetCardinalityString>
<targetEntity>EE485780-FD63-F526-A48E-3CC250BDE0C9</targetEntity>
<transferable>true</transferable>
<deleteRule>NO ACTION</deleteRule>
</Relation>