<?xml version = '1.0' encoding = 'UTF-8'?>
<Relation class="oracle.dbtools.crest.model.design.logical.Relation" name="AGENT_AUTOPOLICY" directorySegmentName="seg_0" id="8D2B827F-01DC-A74C-9746-FCE89EBA2D26">
<createdBy>HoddieMelo</createdBy>
<createdTime>2017-11-01 13:59:34 UTC</createdTime>
<ownerDesignName>Revised Model2</ownerDesignName>
<engineerTo>
<item key="159220C1-785C-73E3-A8E6-B55ED516DE0F" value="true"/>
</engineerTo>
<sourcePk>99DCEE61-CB3D-3EA2-1073-76CBD77EF88F</sourcePk>
<identifying>false</identifying>
<optionalSource>true</optionalSource>
<optionalTarget>false</optionalTarget>
<sourceCardinality>1</sourceCardinality>
<sourceEntity>93AF0A9C-BDB6-E4B3-5475-DAA65B8FE40D</sourceEntity>
<targetCardinalityString>*</targetCardinalityString>
<targetEntity>96BF066C-6C71-6E49-C189-CA417358D26F</targetEntity>
<transferable>true</transferable>
<deleteRule>NO ACTION</deleteRule>
</Relation>