<?xml version = '1.0' encoding = 'UTF-8'?>
<Relation class="oracle.dbtools.crest.model.design.logical.Relation" name="PAYMENT_INVOICE" directorySegmentName="seg_0" id="8D78F37B-1ACA-9061-E2C2-AE21F8F2DF75">
<createdBy>HoddieMelo</createdBy>
<createdTime>2017-11-01 14:05:38 UTC</createdTime>
<ownerDesignName>Revised Model2</ownerDesignName>
<engineerTo>
<item key="159220C1-785C-73E3-A8E6-B55ED516DE0F" value="true"/>
</engineerTo>
<sourcePk>89F9FC04-B77E-3DFF-A24E-59D14C28EB2B</sourcePk>
<identifying>false</identifying>
<optionalSource>true</optionalSource>
<optionalTarget>false</optionalTarget>
<sourceCardinality>1</sourceCardinality>
<sourceEntity>EE485780-FD63-F526-A48E-3CC250BDE0C9</sourceEntity>
<targetCardinalityString>1</targetCardinalityString>
<targetEntity>644F95D4-13F4-A735-10EA-F9AEB1E68407</targetEntity>
<transferable>true</transferable>
<deleteRule>NO ACTION</deleteRule>
</Relation>