<?xml version = '1.0' encoding = 'UTF-8'?>
<Relation class="oracle.dbtools.crest.model.design.logical.Relation" name="Relation_14" directorySegmentName="seg_0" id="DF500BA6-92E6-985B-B33C-903B77121AD3">
<createdBy>MrBla</createdBy>
<createdTime>2017-11-04 21:09:48 UTC</createdTime>
<ownerDesignName>Revised Model2</ownerDesignName>
<engineerTo>
<item key="159220C1-785C-73E3-A8E6-B55ED516DE0F" value="true"/>
</engineerTo>
<sourcePk>5955F4AD-2B23-F3C7-88DF-105B9B32E80D</sourcePk>
<identifying>false</identifying>
<optionalSource>true</optionalSource>
<optionalTarget>false</optionalTarget>
<sourceCardinality>1</sourceCardinality>
<sourceEntity>96BF066C-6C71-6E49-C189-CA417358D26F</sourceEntity>
<targetCardinalityString>*</targetCardinalityString>
<targetEntity>644F95D4-13F4-A735-10EA-F9AEB1E68407</targetEntity>
<transferable>true</transferable>
<deleteRule>NO ACTION</deleteRule>
</Relation>