<?xml version = '1.0' encoding = 'UTF-8'?>
<Relation class="oracle.dbtools.crest.model.design.logical.Relation" name="AGENT_LIFEPOLICY" directorySegmentName="seg_0" id="EEE72D7C-93EC-21ED-D8CC-EC5CD331BB52">
<createdBy>HoddieMelo</createdBy>
<createdTime>2017-11-01 13:59:49 UTC</createdTime>
<ownerDesignName>Revised Model2</ownerDesignName>
<engineerTo>
<item key="159220C1-785C-73E3-A8E6-B55ED516DE0F" value="true"/>
</engineerTo>
<sourcePk>99DCEE61-CB3D-3EA2-1073-76CBD77EF88F</sourcePk>
<identifying>false</identifying>
<optionalSource>true</optionalSource>
<optionalTarget>false</optionalTarget>
<sourceCardinality>1</sourceCardinality>
<sourceEntity>93AF0A9C-BDB6-E4B3-5475-DAA65B8FE40D</sourceEntity>
<targetCardinalityString>*</targetCardinalityString>
<targetEntity>3F29CF1A-A59B-54B9-17B2-254EBEE1B609</targetEntity>
<transferable>true</transferable>
<deleteRule>NO ACTION</deleteRule>
</Relation>