<?xml version = '1.0' encoding = 'UTF-8'?>
<Diagram class="oracle.dbtools.crest.swingui.logical.DPVLogical" name="Logical" id="7485A249-2476-465E-9B45-E6F67F20C57C">
<createdBy>HoddieMelo</createdBy>
<modifiedBy>HoddieMelo</modifiedBy>
<createdTime>2017-11-01 13:34:18 UTC</createdTime>
<autoRoute>false</autoRoute>
<boxInbox>true</boxInbox>
<showLegend>false</showLegend>
<showLabels>false</showLabels>
<showRelAttributes>false</showRelAttributes>
<gridEnabled>false</gridEnabled>
<showGrid>false</showGrid>
<diagramColor>-1</diagramColor>
<display>false</display>
<notation>1</notation>
<objectViews>
<OView class="oracle.dbtools.crest.swingui.logical.TVEntity" oid="3F29CF1A-A59B-54B9-17B2-254EBEE1B609" otype="Entity" vid="96E61D3F-498C-6ED7-C88A-B4385A9FC7AC">
<hideElementsInCurrentOnly>false</hideElementsInCurrentOnly>
<bounds x="262" y="259" width="174" height="143"/>
</OView>
<OView class="oracle.dbtools.crest.swingui.logical.TVEntity" oid="489E268F-575A-D9AC-6723-6FD8DA39C6DA" otype="Entity" vid="B7DDF878-1807-F40B-A336-E1BFEB11B757">
<hideElementsInCurrentOnly>false</hideElementsInCurrentOnly>
<bounds x="382" y="711" width="185" height="92"/>
</OView>
<OView class="oracle.dbtools.crest.swingui.logical.TVEntity" oid="62B8AE91-16F2-B216-24D9-983234984606" otype="Entity" vid="7206D764-B679-9CEC-1698-E2B2D31CC10F">
<hideElementsInCurrentOnly>false</hideElementsInCurrentOnly>
<bounds x="476" y="232" width="135" height="158"/>
</OView>
<OView class="oracle.dbtools.crest.swingui.logical.TVEntity" oid="644F95D4-13F4-A735-10EA-F9AEB1E68407" otype="Entity" vid="B8B3C94D-8092-9032-75A6-E0502A85F998">
<hideElementsInCurrentOnly>false</hideElementsInCurrentOnly>
<bounds x="422" y="569" width="139" height="104"/>
</OView>
<OView class="oracle.dbtools.crest.swingui.logical.TVEntity" oid="93AF0A9C-BDB6-E4B3-5475-DAA65B8FE40D" otype="Entity" vid="400C48BB-F0EE-1E79-3A40-AE8F141BFFEE">
<hideElementsInCurrentOnly>false</hideElementsInCurrentOnly>
<bounds x="423" y="25" width="257" height="141"/>
</OView>
<OView class="oracle.dbtools.crest.swingui.logical.TVEntity" oid="96BF066C-6C71-6E49-C189-CA417358D26F" otype="Entity" vid="22705006-1837-D018-CCEB-37E024591B7C">
<hideElementsInCurrentOnly>false</hideElementsInCurrentOnly>
<bounds x="744" y="411" width="147" height="154"/>
</OView>
<OView class="oracle.dbtools.crest.swingui.logical.TVEntity" oid="EE485780-FD63-F526-A48E-3CC250BDE0C9" otype="Entity" vid="00BBD4B3-47E9-1873-FE7F-D881223674AC">
<hideElementsInCurrentOnly>false</hideElementsInCurrentOnly>
<bounds x="558" y="429" width="154" height="102"/>
</OView>
</objectViews>
<connectors>
<Connector class="oracle.dbtools.crest.swingui.logical.TVRelation" oid="18B7FD79-544A-13DE-EF74-B05EE5BB9FC8" otype="Relation" vid_source="22705006-1837-D018-CCEB-37E024591B7C" vid_target="B7DDF878-1807-F40B-A336-E1BFEB11B757">
<hideElementsInCurrentOnly>false</hideElementsInCurrentOnly>
<lineWidth>1</lineWidth>
<points>
<point x="744" y="545"/>
<point x="533" y="711"/>
</points>
</Connector>
<Connector class="oracle.dbtools.crest.swingui.logical.TVRelation" oid="1B4D6D92-CF5D-4544-487E-AC9DB97FED93" otype="Relation" vid_source="7206D764-B679-9CEC-1698-E2B2D31CC10F" vid_target="96E61D3F-498C-6ED7-C88A-B4385A9FC7AC">
<hideElementsInCurrentOnly>false</hideElementsInCurrentOnly>
<lineWidth>1</lineWidth>
<points>
<point x="476" y="324"/>
<point x="436" y="324"/>
</points>
</Connector>
<Connector class="oracle.dbtools.crest.swingui.logical.TVRelation" oid="242BB873-73C5-97BA-7CE6-67C2272343D7" otype="Relation" vid_source="400C48BB-F0EE-1E79-3A40-AE8F141BFFEE" vid_target="7206D764-B679-9CEC-1698-E2B2D31CC10F">
<hideElementsInCurrentOnly>false</hideElementsInCurrentOnly>
<lineWidth>1</lineWidth>
<points>
<point x="543" y="166"/>
<point x="543" y="232"/>
</points>
</Connector>
<Connector class="oracle.dbtools.crest.swingui.logical.TVRelation" oid="335733A6-BCC7-4A79-76C7-D3EA107176BB" otype="Relation" vid_source="7206D764-B679-9CEC-1698-E2B2D31CC10F" vid_target="00BBD4B3-47E9-1873-FE7F-D881223674AC">
<hideElementsInCurrentOnly>false</hideElementsInCurrentOnly>
<lineWidth>1</lineWidth>
<points>
<point x="584" y="390"/>
<point x="584" y="429"/>
</points>
</Connector>
<Connector class="oracle.dbtools.crest.swingui.logical.TVRelation" oid="71FEB4B0-6A08-A4E2-50A4-9979BA000A81" otype="Relation" vid_source="7206D764-B679-9CEC-1698-E2B2D31CC10F" vid_target="22705006-1837-D018-CCEB-37E024591B7C">
<hideElementsInCurrentOnly>false</hideElementsInCurrentOnly>
<lineWidth>1</lineWidth>
<points>
<point x="611" y="354"/>
<point x="744" y="440"/>
</points>
</Connector>
<Connector class="oracle.dbtools.crest.swingui.logical.TVRelation" oid="7CAC7425-3A9D-E171-F116-7B3612945950" otype="Relation" vid_source="96E61D3F-498C-6ED7-C88A-B4385A9FC7AC" vid_target="B7DDF878-1807-F40B-A336-E1BFEB11B757">
<hideElementsInCurrentOnly>false</hideElementsInCurrentOnly>
<lineWidth>1</lineWidth>
<points>
<point x="409" y="402"/>
<point x="409" y="711"/>
</points>
</Connector>
<Connector class="oracle.dbtools.crest.swingui.logical.TVRelation" oid="8C741241-9A34-E9CE-9B72-C1FBC1E62737" otype="Relation" vid_source="96E61D3F-498C-6ED7-C88A-B4385A9FC7AC" vid_target="B8B3C94D-8092-9032-75A6-E0502A85F998">
<hideElementsInCurrentOnly>false</hideElementsInCurrentOnly>
<lineWidth>1</lineWidth>
<points>
<point x="429" y="402"/>
<point x="429" y="569"/>
</points>
</Connector>
<Connector class="oracle.dbtools.crest.swingui.logical.TVRelation" oid="8D2B827F-01DC-A74C-9746-FCE89EBA2D26" otype="Relation" vid_source="400C48BB-F0EE-1E79-3A40-AE8F141BFFEE" vid_target="22705006-1837-D018-CCEB-37E024591B7C">
<hideElementsInCurrentOnly>false</hideElementsInCurrentOnly>
<lineWidth>1</lineWidth>
<points>
<point x="599" y="166"/>
<point x="765" y="411"/>
</points>
</Connector>
<Connector class="oracle.dbtools.crest.swingui.logical.TVRelation" oid="8D78F37B-1ACA-9061-E2C2-AE21F8F2DF75" otype="Relation" vid_source="00BBD4B3-47E9-1873-FE7F-D881223674AC" vid_target="B8B3C94D-8092-9032-75A6-E0502A85F998">
<hideElementsInCurrentOnly>false</hideElementsInCurrentOnly>
<lineWidth>1</lineWidth>
<points>
<point x="559" y="531"/>
<point x="559" y="569"/>
</points>
</Connector>
<Connector class="oracle.dbtools.crest.swingui.logical.TVRelation" oid="9670257B-202A-E8B7-832D-2AF7455316CD" otype="Relation" vid_source="7206D764-B679-9CEC-1698-E2B2D31CC10F" vid_target="B8B3C94D-8092-9032-75A6-E0502A85F998">
<hideElementsInCurrentOnly>false</hideElementsInCurrentOnly>
<lineWidth>1</lineWidth>
<points>
<point x="518" y="390"/>
<point x="518" y="569"/>
</points>
</Connector>
<Connector class="oracle.dbtools.crest.swingui.logical.TVRelation" oid="DF500BA6-92E6-985B-B33C-903B77121AD3" otype="Relation" vid_source="22705006-1837-D018-CCEB-37E024591B7C" vid_target="B8B3C94D-8092-9032-75A6-E0502A85F998">
<hideElementsInCurrentOnly>false</hideElementsInCurrentOnly>
<lineWidth>1</lineWidth>
<points>
<point x="744" y="517"/>
<point x="561" y="592"/>
</points>
</Connector>
<Connector class="oracle.dbtools.crest.swingui.logical.TVRelation" oid="EEE72D7C-93EC-21ED-D8CC-EC5CD331BB52" otype="Relation" vid_source="400C48BB-F0EE-1E79-3A40-AE8F141BFFEE" vid_target="96E61D3F-498C-6ED7-C88A-B4385A9FC7AC">
<hideElementsInCurrentOnly>false</hideElementsInCurrentOnly>
<lineWidth>1</lineWidth>
<points>
<point x="429" y="166"/>
<point x="429" y="259"/>
</points>
</Connector>
</connectors>
</Diagram>