<?xml version = '1.0' encoding = 'UTF-8'?>
<Entity class="oracle.dbtools.crest.model.design.logical.Entity" directorySegmentName="seg_0" id="D2074057-9CF0-B938-3ED5-198178742748" name="INVOICE">
<createdBy>mashu</createdBy>
<createdTime>2017-11-07 20:08:31 UTC</createdTime>
<ownerDesignName>Default Model</ownerDesignName>
<engineerTo>
<item key="58D63F8B-20BB-0C50-EA64-57D6119CAC0C" value="true"/>
</engineerTo>
<adequatelyNormalized>NO</adequatelyNormalized>
<expectedVolumes>0</expectedVolumes>
<fwdEngineeringStrategyName>Single Table</fwdEngineeringStrategyName>
<growthPercent>0</growthPercent>
<growthType>Year</growthType>
<maxVolumes>9999999</maxVolumes>
<minVolumes>0</minVolumes>
<normalForm>Third</normalForm>
<attributes itemClass="oracle.dbtools.crest.model.design.logical.Attribute">
<Attribute name="InvoiceNo" id="6B9BB172-F618-89B9-E2E7-765086CE90F9">
<createdBy>mashu</createdBy>
<createdTime>2017-11-07 20:08:31 UTC</createdTime>
<ownerDesignName>Default Model</ownerDesignName>
<importedID>92990271-CA13-92E5-B418-B2839C42FE2B</importedID>
<engineerTo>
<item key="58D63F8B-20BB-0C50-EA64-57D6119CAC0C" value="true"/>
</engineerTo>
<useDomainConstraints>false</useDomainConstraints>
<use>1</use>
<logicalDatatype>LOGDT019</logicalDatatype>
<dataTypePrecision>5</dataTypePrecision>
<ownDataTypeParameters>,5,</ownDataTypeParameters>
</Attribute>
<Attribute name="InvoiceAmountDue" id="4759010E-05BF-0BBB-6ADE-65F2E1A85E9D">
<createdBy>mashu</createdBy>
<createdTime>2017-11-07 20:08:31 UTC</createdTime>
<ownerDesignName>Default Model</ownerDesignName>
<importedID>1EF98A38-A641-22B9-63F0-F8A872AAAD5C</importedID>
<engineerTo>
<item key="58D63F8B-20BB-0C50-EA64-57D6119CAC0C" value="true"/>
</engineerTo>
<nullsAllowed>true</nullsAllowed>
<useDomainConstraints>false</useDomainConstraints>
<use>1</use>
<logicalDatatype>LOGDT043</logicalDatatype>
<dataTypePrecision>10</dataTypePrecision>
<ownDataTypeParameters>,10,</ownDataTypeParameters>
</Attribute>
<Attribute name="InvoiceDate" id="4C9CD311-A91D-58D6-B454-CC2734262BA4">
<createdBy>mashu</createdBy>
<createdTime>2017-11-07 20:08:31 UTC</createdTime>
<ownerDesignName>Default Model</ownerDesignName>
<importedID>EA709872-407B-3C1F-8D63-A9B86FA85890</importedID>
<engineerTo>
<item key="58D63F8B-20BB-0C50-EA64-57D6119CAC0C" value="true"/>
</engineerTo>
<nullsAllowed>true</nullsAllowed>
<useDomainConstraints>false</useDomainConstraints>
<use>1</use>
<logicalDatatype>LOGDT007</logicalDatatype>
<ownDataTypeParameters>,,</ownDataTypeParameters>
</Attribute>
<Attribute name="InvoiceDueDate" id="36BD22AD-52AF-0AF6-16A9-65FEE0684286">
<createdBy>mashu</createdBy>
<createdTime>2017-11-07 20:08:31 UTC</createdTime>
<ownerDesignName>Default Model</ownerDesignName>
<importedID>6A2BF9F5-D512-3104-A5CF-B732AD29B311</importedID>
<engineerTo>
<item key="58D63F8B-20BB-0C50-EA64-57D6119CAC0C" value="true"/>
</engineerTo>
<nullsAllowed>true</nullsAllowed>
<useDomainConstraints>false</useDomainConstraints>
<use>1</use>
<logicalDatatype>LOGDT007</logicalDatatype>
<ownDataTypeParameters>,,</ownDataTypeParameters>
</Attribute>
<Attribute name="InvoicePolicyType" id="26070779-914B-733D-04CE-CDF3EDE0075A">
<createdBy>mashu</createdBy>
<createdTime>2017-11-07 20:08:31 UTC</createdTime>
<ownerDesignName>Default Model</ownerDesignName>
<importedID>A5E43CD1-D262-241B-0045-58547E405EC0</importedID>
<engineerTo>
<item key="58D63F8B-20BB-0C50-EA64-57D6119CAC0C" value="true"/>
</engineerTo>
<nullsAllowed>true</nullsAllowed>
<useDomainConstraints>false</useDomainConstraints>
<use>1</use>
<logicalDatatype>LOGDT033</logicalDatatype>
<ownDataTypeParameters>,,</ownDataTypeParameters>
</Attribute>
<Attribute name="ClientID" id="8F11D714-8B9F-5651-AFD5-FAF9E23D1C7F">
<createdBy>mashu</createdBy>
<createdTime>2017-11-07 20:08:31 UTC</createdTime>
<generatorID>2C4BC564-2149-7F85-3DB2-E71A281C38FD</generatorID>
<ownerDesignName>Default Model</ownerDesignName>
<importedID>3CB5E2CE-B25A-9615-D0E5-DD54976262C8</importedID>
<engineerTo>
<item key="58D63F8B-20BB-0C50-EA64-57D6119CAC0C" value="true"/>
</engineerTo>
<referedAttribute>A1CA6F23-43AC-8ABE-63ED-5B158EBC26F3</referedAttribute>
<useDomainConstraints>false</useDomainConstraints>
<use>1</use>
<logicalDatatype>LOGDT019</logicalDatatype>
<dataTypePrecision>5</dataTypePrecision>
<ownDataTypeParameters>,,</ownDataTypeParameters>
</Attribute>
<Attribute name="PaymentNo" id="6AE4B8E8-A9B7-8E31-87A7-3CD170A65474">
<createdBy>mashu</createdBy>
<createdTime>2017-11-07 20:08:31 UTC</createdTime>
<generatorID>59CAF5C0-7ACE-A971-193F-B2D6B6A2B6C7</generatorID>
<ownerDesignName>Default Model</ownerDesignName>
<importedID>7FE6A684-5802-C6E2-0271-5164A4B45948</importedID>
<engineerTo>
<item key="58D63F8B-20BB-0C50-EA64-57D6119CAC0C" value="true"/>
</engineerTo>
<referedAttribute>9D90F083-9193-8091-2458-5DBBC32014C3</referedAttribute>
<useDomainConstraints>false</useDomainConstraints>
<use>1</use>
<logicalDatatype>LOGDT019</logicalDatatype>
<dataTypePrecision>5</dataTypePrecision>
<ownDataTypeParameters>,,</ownDataTypeParameters>
</Attribute>
<Attribute name="LifePolicyNo" id="60B3BF8C-ABE7-DE41-9331-B1A15485F2F7">
<createdBy>mashu</createdBy>
<createdTime>2017-11-07 20:08:31 UTC</createdTime>
<generatorID>61602C38-176B-D366-54B7-46C31E7F1190</generatorID>
<ownerDesignName>Default Model</ownerDesignName>
<importedID>403288DC-C45F-9F56-CA2F-50C66F6DB6A6</importedID>
<engineerTo>
<item key="58D63F8B-20BB-0C50-EA64-57D6119CAC0C" value="true"/>
</engineerTo>
<referedAttribute>4DF595C6-D3AE-10FB-688B-9150D31F654B</referedAttribute>
<useDomainConstraints>false</useDomainConstraints>
<use>1</use>
<logicalDatatype>LOGDT019</logicalDatatype>
<dataTypePrecision>5</dataTypePrecision>
<ownDataTypeParameters>,,</ownDataTypeParameters>
</Attribute>
<Attribute name="AutoPolicyNo" id="A684F6C7-D078-3E41-FD3F-A8AFEEC27DFC">
<createdBy>mashu</createdBy>
<createdTime>2017-11-07 20:08:31 UTC</createdTime>
<generatorID>2B3F5C7C-1A5D-A58D-60DF-FD358A3B7095</generatorID>
<ownerDesignName>Default Model</ownerDesignName>
<importedID>E567325E-1A43-C20B-806A-4E663647A2FC</importedID>
<engineerTo>
<item key="58D63F8B-20BB-0C50-EA64-57D6119CAC0C" value="true"/>
</engineerTo>
<referedAttribute>6CEE97F6-DC97-225E-6E89-29A333524192</referedAttribute>
<useDomainConstraints>false</useDomainConstraints>
<use>1</use>
<logicalDatatype>LOGDT019</logicalDatatype>
<dataTypePrecision>5</dataTypePrecision>
<ownDataTypeParameters>,,</ownDataTypeParameters>
</Attribute>
<Attribute name="InsuranceCoAdd" id="BA42081F-435A-4ED4-8393-63C6FB77159C">
<createdBy>mashu</createdBy>
<createdTime>2017-11-07 20:08:31 UTC</createdTime>
<ownerDesignName>Default Model</ownerDesignName>
<importedID>AB4549BB-E87D-06CC-3F19-3F8F00742F62</importedID>
<engineerTo>
<item key="58D63F8B-20BB-0C50-EA64-57D6119CAC0C" value="true"/>
</engineerTo>
<nullsAllowed>true</nullsAllowed>
<useDomainConstraints>false</useDomainConstraints>
<use>1</use>
<logicalDatatype>LOGDT025</logicalDatatype>
<dataTypeSize>30</dataTypeSize>
<ownDataTypeParameters>30,,</ownDataTypeParameters>
</Attribute>
<Attribute name="InsuranceCoName" id="DA271448-3074-CC00-E84B-DEFC950CEBC1">
<createdBy>mashu</createdBy>
<createdTime>2017-11-07 20:08:31 UTC</createdTime>
<ownerDesignName>Default Model</ownerDesignName>
<importedID>9872D00F-5F27-C0D6-BA4F-5C02F2B4A519</importedID>
<engineerTo>
<item key="58D63F8B-20BB-0C50-EA64-57D6119CAC0C" value="true"/>
</engineerTo>
<nullsAllowed>true</nullsAllowed>
<useDomainConstraints>false</useDomainConstraints>
<use>1</use>
<logicalDatatype>LOGDT025</logicalDatatype>
<dataTypeSize>20</dataTypeSize>
<ownDataTypeParameters>20,,</ownDataTypeParameters>
</Attribute>
<Attribute name="InsuranceCoPhone" id="57D368D1-BBA4-D592-8C51-CF1675DE1FBE">
<createdBy>mashu</createdBy>
<createdTime>2017-11-07 20:08:31 UTC</createdTime>
<ownerDesignName>Default Model</ownerDesignName>
<importedID>9E8DDE17-12DB-0D52-EC67-FF840DA80D11</importedID>
<engineerTo>
<item key="58D63F8B-20BB-0C50-EA64-57D6119CAC0C" value="true"/>
</engineerTo>
<nullsAllowed>true</nullsAllowed>
<useDomainConstraints>false</useDomainConstraints>
<use>1</use>
<logicalDatatype>LOGDT019</logicalDatatype>
<dataTypePrecision>10</dataTypePrecision>
<dataTypeScale>10</dataTypeScale>
<ownDataTypeParameters>,10,10</ownDataTypeParameters>
</Attribute>
<Attribute name="ClientID1" id="BD01128C-D060-99A3-630A-E24B773B0CD7">
<createdBy>mashu</createdBy>
<createdTime>2017-11-07 20:08:31 UTC</createdTime>
<generatorID>61602C38-176B-D366-54B7-46C31E7F1190</generatorID>
<ownerDesignName>Default Model</ownerDesignName>
<importedID>C04978C8-A830-35C1-728C-B90E32C2E1C2</importedID>
<engineerTo>
<item key="58D63F8B-20BB-0C50-EA64-57D6119CAC0C" value="true"/>
</engineerTo>
<referedAttribute>0A55404D-593E-B57C-3369-B595C1EFB0A1</referedAttribute>
<useDomainConstraints>false</useDomainConstraints>
<use>1</use>
<logicalDatatype>LOGDT019</logicalDatatype>
<dataTypePrecision>5</dataTypePrecision>
<ownDataTypeParameters>,,</ownDataTypeParameters>
</Attribute>
</attributes>
<identifiers itemClass="oracle.dbtools.crest.model.design.logical.CandidateKey">
<identifier id="363C27FA-51AE-CC1E-4D8B-5D722AF81611" name="INVOICE PK">
<createdBy>mashu</createdBy>
<createdTime>2017-11-07 20:08:31 UTC</createdTime>
<ownerDesignName>Default Model</ownerDesignName>
<shouldEngineer>false</shouldEngineer>
<engineerTo>
<item key="58D63F8B-20BB-0C50-EA64-57D6119CAC0C" value="false"/>
</engineerTo>
<pk>true</pk>
<usedAttributes>
<attributeRef>6B9BB172-F618-89B9-E2E7-765086CE90F9</attributeRef>
</usedAttributes>
</identifier>
</identifiers>
</Entity>