<?xml version = '1.0' encoding = 'UTF-8'?>
<Entity class="oracle.dbtools.crest.model.design.logical.Entity" directorySegmentName="seg_0" id="D9F85889-06BD-A8EC-9637-330E2D499D03" name="CLIENT">
<createdBy>mashu</createdBy>
<createdTime>2017-11-07 20:08:31 UTC</createdTime>
<ownerDesignName>Default Model</ownerDesignName>
<engineerTo>
<item key="58D63F8B-20BB-0C50-EA64-57D6119CAC0C" value="true"/>
</engineerTo>
<adequatelyNormalized>NO</adequatelyNormalized>
<expectedVolumes>0</expectedVolumes>
<fwdEngineeringStrategyName>Single Table</fwdEngineeringStrategyName>
<growthPercent>0</growthPercent>
<growthType>Year</growthType>
<maxVolumes>9999999</maxVolumes>
<minVolumes>0</minVolumes>
<normalForm>Third</normalForm>
<attributes itemClass="oracle.dbtools.crest.model.design.logical.Attribute">
<Attribute name="ClientID" id="A1CA6F23-43AC-8ABE-63ED-5B158EBC26F3">
<createdBy>mashu</createdBy>
<createdTime>2017-11-07 20:08:31 UTC</createdTime>
<ownerDesignName>Default Model</ownerDesignName>
<importedID>4A42542C-FBD1-E4A6-0700-1ABA091C5870</importedID>
<engineerTo>
<item key="58D63F8B-20BB-0C50-EA64-57D6119CAC0C" value="true"/>
</engineerTo>
<useDomainConstraints>false</useDomainConstraints>
<use>1</use>
<logicalDatatype>LOGDT019</logicalDatatype>
<dataTypePrecision>5</dataTypePrecision>
<ownDataTypeParameters>,5,</ownDataTypeParameters>
</Attribute>
<Attribute name="ClientAddress" id="5588C700-F651-0E34-2316-45C02CEC6EFD">
<createdBy>mashu</createdBy>
<createdTime>2017-11-07 20:08:31 UTC</createdTime>
<ownerDesignName>Default Model</ownerDesignName>
<importedID>89DCADE0-8004-83A0-1F2C-3A5EBCF81DEB</importedID>
<engineerTo>
<item key="58D63F8B-20BB-0C50-EA64-57D6119CAC0C" value="true"/>
</engineerTo>
<useDomainConstraints>false</useDomainConstraints>
<use>1</use>
<logicalDatatype>LOGDT025</logicalDatatype>
<dataTypeSize>30 CHAR</dataTypeSize>
<ownDataTypeParameters>30 CHAR,,</ownDataTypeParameters>
</Attribute>
<Attribute name="ClientDOB" id="54CD9D1E-C6E6-43B0-6617-923AA461B7A7">
<createdBy>mashu</createdBy>
<createdTime>2017-11-07 20:08:31 UTC</createdTime>
<ownerDesignName>Default Model</ownerDesignName>
<importedID>EF38677F-6532-D7E3-6305-4F6A68D4B8F6</importedID>
<engineerTo>
<item key="58D63F8B-20BB-0C50-EA64-57D6119CAC0C" value="true"/>
</engineerTo>
<nullsAllowed>true</nullsAllowed>
<useDomainConstraints>false</useDomainConstraints>
<use>1</use>
<logicalDatatype>LOGDT007</logicalDatatype>
<ownDataTypeParameters>,,</ownDataTypeParameters>
</Attribute>
<Attribute name="ClientName" id="551569B4-3BE1-B2E2-8A0D-FE49558E18FB">
<createdBy>mashu</createdBy>
<createdTime>2017-11-07 20:08:31 UTC</createdTime>
<ownerDesignName>Default Model</ownerDesignName>
<importedID>3027CE27-0769-B86A-1BA4-96B902DDF710</importedID>
<engineerTo>
<item key="58D63F8B-20BB-0C50-EA64-57D6119CAC0C" value="true"/>
</engineerTo>
<nullsAllowed>true</nullsAllowed>
<useDomainConstraints>false</useDomainConstraints>
<use>1</use>
<logicalDatatype>LOGDT025</logicalDatatype>
<dataTypeSize>10 CHAR</dataTypeSize>
<ownDataTypeParameters>10 CHAR,,</ownDataTypeParameters>
</Attribute>
<Attribute name="ClientPhoneNo" id="F4AE6B5F-6373-B643-76D7-50D8AA1D0F5B">
<createdBy>mashu</createdBy>
<createdTime>2017-11-07 20:08:31 UTC</createdTime>
<ownerDesignName>Default Model</ownerDesignName>
<importedID>4137123C-15D4-A033-573B-0F9EFD2E2B26</importedID>
<engineerTo>
<item key="58D63F8B-20BB-0C50-EA64-57D6119CAC0C" value="true"/>
</engineerTo>
<nullsAllowed>true</nullsAllowed>
<useDomainConstraints>false</useDomainConstraints>
<use>1</use>
<logicalDatatype>LOGDT019</logicalDatatype>
<dataTypePrecision>10</dataTypePrecision>
<ownDataTypeParameters>,10,</ownDataTypeParameters>
</Attribute>
<Attribute name="DependentNameD" id="8D15DFC4-0182-7295-95AB-411FB4373ECD">
<createdBy>mashu</createdBy>
<createdTime>2017-11-07 20:08:31 UTC</createdTime>
<ownerDesignName>Default Model</ownerDesignName>
<importedID>5486A7A1-CB4D-E201-A766-784827B6F37C</importedID>
<engineerTo>
<item key="58D63F8B-20BB-0C50-EA64-57D6119CAC0C" value="true"/>
</engineerTo>
<nullsAllowed>true</nullsAllowed>
<useDomainConstraints>false</useDomainConstraints>
<use>1</use>
<logicalDatatype>LOGDT025</logicalDatatype>
<dataTypeSize>20 CHAR</dataTypeSize>
<ownDataTypeParameters>20 CHAR,,</ownDataTypeParameters>
</Attribute>
<Attribute name="DriverDOBD" id="DA78ED25-FA07-BC21-51EB-D7C97B956FEF">
<createdBy>mashu</createdBy>
<createdTime>2017-11-07 20:08:31 UTC</createdTime>
<ownerDesignName>Default Model</ownerDesignName>
<importedID>93204627-3D73-0D4B-C167-1D53DC96AC90</importedID>
<engineerTo>
<item key="58D63F8B-20BB-0C50-EA64-57D6119CAC0C" value="true"/>
</engineerTo>
<nullsAllowed>true</nullsAllowed>
<useDomainConstraints>false</useDomainConstraints>
<use>1</use>
<logicalDatatype>LOGDT007</logicalDatatype>
<ownDataTypeParameters>,,</ownDataTypeParameters>
</Attribute>
<Attribute name="DriverLicenseNoD" id="7438B9AA-4DB6-E537-F015-733C4F4A4361">
<createdBy>mashu</createdBy>
<createdTime>2017-11-07 20:08:31 UTC</createdTime>
<ownerDesignName>Default Model</ownerDesignName>
<importedID>8C80E55C-21DA-AA2F-5F5D-8CD299312581</importedID>
<engineerTo>
<item key="58D63F8B-20BB-0C50-EA64-57D6119CAC0C" value="true"/>
</engineerTo>
<nullsAllowed>true</nullsAllowed>
<useDomainConstraints>false</useDomainConstraints>
<use>1</use>
<logicalDatatype>LOGDT019</logicalDatatype>
<dataTypePrecision>8</dataTypePrecision>
<ownDataTypeParameters>,8,</ownDataTypeParameters>
</Attribute>
<Attribute name="DriverNameD" id="F8A62136-9B4D-157B-DEF1-B02AB9C8ECEC">
<createdBy>mashu</createdBy>
<createdTime>2017-11-07 20:08:31 UTC</createdTime>
<ownerDesignName>Default Model</ownerDesignName>
<importedID>70786C61-DB9A-8852-9A2E-C526BBA3239A</importedID>
<engineerTo>
<item key="58D63F8B-20BB-0C50-EA64-57D6119CAC0C" value="true"/>
</engineerTo>
<nullsAllowed>true</nullsAllowed>
<useDomainConstraints>false</useDomainConstraints>
<use>1</use>
<logicalDatatype>LOGDT025</logicalDatatype>
<dataTypeSize>10 CHAR</dataTypeSize>
<ownDataTypeParameters>10 CHAR,,</ownDataTypeParameters>
</Attribute>
<Attribute name="DriverSexD" id="BC9A5150-76E3-7C54-38F0-0B755423FF0A">
<createdBy>mashu</createdBy>
<createdTime>2017-11-07 20:08:31 UTC</createdTime>
<ownerDesignName>Default Model</ownerDesignName>
<importedID>37D0909D-6D38-0100-0B9E-BA30439E0E61</importedID>
<engineerTo>
<item key="58D63F8B-20BB-0C50-EA64-57D6119CAC0C" value="true"/>
</engineerTo>
<nullsAllowed>true</nullsAllowed>
<useDomainConstraints>false</useDomainConstraints>
<use>1</use>
<logicalDatatype>LOGDT033</logicalDatatype>
<ownDataTypeParameters>,,</ownDataTypeParameters>
</Attribute>
<Attribute name="AgentID" id="3BE1587E-7792-CDD4-0AEB-422BC044F0DF">
<createdBy>mashu</createdBy>
<createdTime>2017-11-07 20:08:31 UTC</createdTime>
<generatorID>724F710F-4D7C-C9A5-DF7A-2E5A82572B59</generatorID>
<ownerDesignName>Default Model</ownerDesignName>
<importedID>B2DBD7B3-72DC-8615-1863-635C7B729D3C</importedID>
<engineerTo>
<item key="58D63F8B-20BB-0C50-EA64-57D6119CAC0C" value="true"/>
</engineerTo>
<referedAttribute>5ADCEA4B-4E47-9EC1-CEA8-D75EBA17F640</referedAttribute>
<useDomainConstraints>false</useDomainConstraints>
<use>1</use>
<logicalDatatype>LOGDT019</logicalDatatype>
<dataTypePrecision>5</dataTypePrecision>
<ownDataTypeParameters>,,</ownDataTypeParameters>
</Attribute>
</attributes>
<identifiers itemClass="oracle.dbtools.crest.model.design.logical.CandidateKey">
<identifier id="29E26852-F534-4FFC-9ECB-75E6C109669D" name="CLIENT PK">
<createdBy>mashu</createdBy>
<createdTime>2017-11-07 20:08:31 UTC</createdTime>
<ownerDesignName>Default Model</ownerDesignName>
<shouldEngineer>false</shouldEngineer>
<engineerTo>
<item key="58D63F8B-20BB-0C50-EA64-57D6119CAC0C" value="false"/>
</engineerTo>
<pk>true</pk>
<usedAttributes>
<attributeRef>A1CA6F23-43AC-8ABE-63ED-5B158EBC26F3</attributeRef>
</usedAttributes>
</identifier>
</identifiers>
</Entity>