<?xml version = '1.0' encoding = 'UTF-8'?>
<Relation class="oracle.dbtools.crest.model.design.logical.Relation" name="PAYMENT_INVOICE" directorySegmentName="seg_0" id="59CAF5C0-7ACE-A971-193F-B2D6B6A2B6C7">
<createdBy>mashu</createdBy>
<createdTime>2017-11-07 20:08:31 UTC</createdTime>
<ownerDesignName>Default Model</ownerDesignName>
<engineerTo>
<item key="58D63F8B-20BB-0C50-EA64-57D6119CAC0C" value="true"/>
</engineerTo>
<sourcePk>084F202F-41A9-E5C8-7C0C-36566877A230</sourcePk>
<identifying>false</identifying>
<optionalSource>true</optionalSource>
<optionalTarget>false</optionalTarget>
<sourceCardinality>1</sourceCardinality>
<sourceEntity>04418665-36AE-DEAC-59AD-80391CBE65C7</sourceEntity>
<targetCardinalityString>1</targetCardinalityString>
<targetEntity>D2074057-9CF0-B938-3ED5-198178742748</targetEntity>
<transferable>true</transferable>
<deleteRule>NO ACTION</deleteRule>
</Relation>