<?xml version = '1.0' encoding = 'UTF-8'?>
<Relation class="oracle.dbtools.crest.model.design.logical.Relation" name="Relation_13" directorySegmentName="seg_0" id="61602C38-176B-D366-54B7-46C31E7F1190">
<createdBy>mashu</createdBy>
<createdTime>2017-11-07 20:08:31 UTC</createdTime>
<ownerDesignName>Default Model</ownerDesignName>
<engineerTo>
<item key="58D63F8B-20BB-0C50-EA64-57D6119CAC0C" value="true"/>
</engineerTo>
<sourcePk>9D5E03AE-9BD8-25CC-D26E-C0E1CDC3962E</sourcePk>
<identifying>false</identifying>
<optionalSource>true</optionalSource>
<optionalTarget>false</optionalTarget>
<sourceCardinality>1</sourceCardinality>
<sourceEntity>98FD5282-8FD1-893E-E694-3E0BBE7140E1</sourceEntity>
<targetCardinalityString>*</targetCardinalityString>
<targetEntity>D2074057-9CF0-B938-3ED5-198178742748</targetEntity>
<transferable>true</transferable>
<deleteRule>NO ACTION</deleteRule>
</Relation>