<?xml version = '1.0' encoding = 'UTF-8'?>
<Relation class="oracle.dbtools.crest.model.design.logical.Relation" name="CLIENT_LIFEPOLICY" directorySegmentName="seg_0" id="9DFB57F8-11C7-F68C-BDE8-2BD52CFBF728">
<createdBy>mashu</createdBy>
<createdTime>2017-11-07 20:08:31 UTC</createdTime>
<ownerDesignName>Default Model</ownerDesignName>
<engineerTo>
<item key="58D63F8B-20BB-0C50-EA64-57D6119CAC0C" value="true"/>
</engineerTo>
<sourcePk>29E26852-F534-4FFC-9ECB-75E6C109669D</sourcePk>
<identifying>true</identifying>
<optionalSource>true</optionalSource>
<optionalTarget>false</optionalTarget>
<sourceCardinality>1</sourceCardinality>
<sourceEntity>D9F85889-06BD-A8EC-9637-330E2D499D03</sourceEntity>
<targetCardinalityString>*</targetCardinalityString>
<targetEntity>98FD5282-8FD1-893E-E694-3E0BBE7140E1</targetEntity>
<transferable>true</transferable>
<deleteRule>NO ACTION</deleteRule>
</Relation>