<?xml version = '1.0' encoding = 'UTF-8'?>
<Relation class="oracle.dbtools.crest.model.design.logical.Relation" name="AUOTOPOLICY_CLIAM" directorySegmentName="seg_0" id="A9868776-05D0-E7C8-B32C-5373E77ADC05">
<createdBy>mashu</createdBy>
<createdTime>2017-11-07 20:08:31 UTC</createdTime>
<ownerDesignName>Default Model</ownerDesignName>
<engineerTo>
<item key="58D63F8B-20BB-0C50-EA64-57D6119CAC0C" value="true"/>
</engineerTo>
<sourcePk>1C560762-1FAC-AE17-7B38-954124439CE8</sourcePk>
<identifying>false</identifying>
<optionalSource>true</optionalSource>
<optionalTarget>false</optionalTarget>
<sourceCardinality>1</sourceCardinality>
<sourceEntity>14195FBF-0903-9A14-406D-390C22B4CB85</sourceEntity>
<targetCardinalityString>*</targetCardinalityString>
<targetEntity>7794B88B-430E-8C2D-D870-58B768D34C9D</targetEntity>
<transferable>true</transferable>
<deleteRule>NO ACTION</deleteRule>
</Relation>