<?xml version = '1.0' encoding = 'UTF-8'?>
<Relation class="oracle.dbtools.crest.model.design.logical.Relation" name="CLIENT_PAYMENT" directorySegmentName="seg_0" id="B4F403C7-7217-391A-EF1D-4B8F7A0B9651">
<createdBy>mashu</createdBy>
<createdTime>2017-11-07 20:08:31 UTC</createdTime>
<ownerDesignName>Default Model</ownerDesignName>
<engineerTo>
<item key="58D63F8B-20BB-0C50-EA64-57D6119CAC0C" value="true"/>
</engineerTo>
<sourcePk>29E26852-F534-4FFC-9ECB-75E6C109669D</sourcePk>
<identifying>false</identifying>
<optionalSource>true</optionalSource>
<optionalTarget>false</optionalTarget>
<sourceCardinality>1</sourceCardinality>
<sourceEntity>D9F85889-06BD-A8EC-9637-330E2D499D03</sourceEntity>
<targetCardinalityString>*</targetCardinalityString>
<targetEntity>04418665-36AE-DEAC-59AD-80391CBE65C7</targetEntity>
<transferable>true</transferable>
<deleteRule>NO ACTION</deleteRule>
</Relation>