<?xml version = '1.0' encoding = 'UTF-8'?>
<Relation class="oracle.dbtools.crest.model.design.logical.Relation" name="AGENT_AUTOPOLICY" directorySegmentName="seg_0" id="F65591BA-91C7-F8D8-2CA2-277D1E61E4ED">
<createdBy>mashu</createdBy>
<createdTime>2017-11-07 20:08:31 UTC</createdTime>
<ownerDesignName>Default Model</ownerDesignName>
<engineerTo>
<item key="58D63F8B-20BB-0C50-EA64-57D6119CAC0C" value="true"/>
</engineerTo>
<sourcePk>6B46E573-D1E7-1D1C-FDFF-6695ABADAFC8</sourcePk>
<identifying>false</identifying>
<optionalSource>true</optionalSource>
<optionalTarget>false</optionalTarget>
<sourceCardinality>1</sourceCardinality>
<sourceEntity>04C560B9-9B8C-FA2D-B038-403D56F3B9C8</sourceEntity>
<targetCardinalityString>*</targetCardinalityString>
<targetEntity>14195FBF-0903-9A14-406D-390C22B4CB85</targetEntity>
<transferable>true</transferable>
<deleteRule>NO ACTION</deleteRule>
</Relation>