<?xml version = '1.0' encoding = 'UTF-8'?>
<FKIndexAssociation class="oracle.dbtools.crest.model.design.relational.FKIndexAssociation" directorySegmentName="seg_0" id="25B79E01-7954-5926-1CD1-10317C00E68F" containerWithKeyObject="9A490BB5-1040-795F-8A8C-05125BA9E4C4" localFKIndex="2BCE9903-4F91-EF8F-B40D-33BA50C43305" name="CLIENT_AUTOPOLICY_CAR_FK">
<createdBy>mashu</createdBy>
<createdTime>2017-11-07 20:23:59 UTC</createdTime>
<ownerDesignName>123</ownerDesignName>
<referredTableLongName>CAR</referredTableLongName>
<deleteRule>NO ACTION</deleteRule>
<referredTableID>2BA737AB-5EEA-9BB6-A0CA-1BFE2523FC5A</referredTableID>
<keyObject>1C794C79-1F35-42D1-FC7E-239917D48235</keyObject>
<referredKeyID>1C794C79-1F35-42D1-FC7E-239917D48235</referredKeyID>
<mandatory>true</mandatory>
<refColNames>CarRegistrationNoD</refColNames>
<transferable>true</transferable>
<rely>false</rely>
<columnDependencyConstraintGenerateInDDL>true</columnDependencyConstraintGenerateInDDL>
</FKIndexAssociation>