<?xml version = '1.0' encoding = 'UTF-8'?>
<FKIndexAssociation class="oracle.dbtools.crest.model.design.relational.FKIndexAssociation" directorySegmentName="seg_0" id="32230B47-6468-24A3-DEF8-80032A65C32A" containerWithKeyObject="991DCD47-7614-C95F-265F-A8B7BD1B6CB1" localFKIndex="DA80C608-7FBD-A117-2FB8-E6E6A075A2F7" name="AUTOPOLICY_CLIENT_AUTOPOLICY_FK">
<createdBy>mashu</createdBy>
<createdTime>2017-11-07 19:56:11 UTC</createdTime>
<ownerDesignName>123</ownerDesignName>
<referredTableLongName>CLIENT_AUTOPOLICY</referredTableLongName>
<deleteRule>NO ACTION</deleteRule>
<referredTableID>9A490BB5-1040-795F-8A8C-05125BA9E4C4</referredTableID>
<keyObject>080AF2B1-74DC-6DA7-D32C-A64E27960A56</keyObject>
<referredKeyID>080AF2B1-74DC-6DA7-D32C-A64E27960A56</referredKeyID>
<mandatory>true</mandatory>
<refColNames>AutoPolicyNo</refColNames>
<transferable>true</transferable>
<rely>false</rely>
<columnDependencyConstraintGenerateInDDL>true</columnDependencyConstraintGenerateInDDL>
</FKIndexAssociation>