<?xml version = '1.0' encoding = 'UTF-8'?>
<FKIndexAssociation class="oracle.dbtools.crest.model.design.relational.FKIndexAssociation" directorySegmentName="seg_0" id="3651E596-3A72-3088-A391-EE8F924BE198" containerWithKeyObject="775C54F0-86E3-8B18-D088-A8AEBA9A51EE" localFKIndex="E7CD0AAF-C7FD-A30F-89DB-5675EB3132B7" name="CLIENT_LIFEPOLICY_CLIENT_FK">
<createdBy>mashu</createdBy>
<createdTime>2017-11-07 20:00:12 UTC</createdTime>
<generatorID>F7042975-83B4-288C-2A34-A293D2F97F06</generatorID>
<ownerDesignName>123</ownerDesignName>
<referredTableLongName>CLIENT</referredTableLongName>
<deleteRule>NO ACTION</deleteRule>
<referredTableID>4C939B9B-144D-A8BF-7F88-A4AE66C8E1FF</referredTableID>
<keyObject>93AE09BC-1E5F-273A-F166-66335CE47781</keyObject>
<referredKeyID>93AE09BC-1E5F-273A-F166-66335CE47781</referredKeyID>
<mandatory>true</mandatory>
<refColNames>ClientID</refColNames>
<transferable>true</transferable>
<rely>false</rely>
<columnDependencyConstraintGenerateInDDL>true</columnDependencyConstraintGenerateInDDL>
</FKIndexAssociation>