<?xml version = '1.0' encoding = 'UTF-8'?>
<FKIndexAssociation class="oracle.dbtools.crest.model.design.relational.FKIndexAssociation" directorySegmentName="seg_0" id="5F557DFA-3A28-E958-DC30-CDFD871BAF29" containerWithKeyObject="9A490BB5-1040-795F-8A8C-05125BA9E4C4" localFKIndex="CECE30EC-F4D0-E189-1460-7A6A965E1A70" name="CLIENT_AUTOPOLICY_CLIENT_FK">
<createdBy>mashu</createdBy>
<createdTime>2017-11-07 19:56:15 UTC</createdTime>
<generatorID>F7042975-83B4-288C-2A34-A293D2F97F06</generatorID>
<ownerDesignName>123</ownerDesignName>
<referredTableLongName>CLIENT</referredTableLongName>
<deleteRule>NO ACTION</deleteRule>
<referredTableID>4C939B9B-144D-A8BF-7F88-A4AE66C8E1FF</referredTableID>
<keyObject>93AE09BC-1E5F-273A-F166-66335CE47781</keyObject>
<referredKeyID>93AE09BC-1E5F-273A-F166-66335CE47781</referredKeyID>
<mandatory>true</mandatory>
<refColNames>ClientID</refColNames>
<transferable>true</transferable>
<rely>false</rely>
<columnDependencyConstraintGenerateInDDL>true</columnDependencyConstraintGenerateInDDL>
</FKIndexAssociation>