<?xml version = '1.0' encoding = 'UTF-8'?>
<FKIndexAssociation class="oracle.dbtools.crest.model.design.relational.FKIndexAssociation" directorySegmentName="seg_0" id="82333BB6-D598-2139-CA36-F3EAFAD3BB0F" containerWithKeyObject="991DCD47-7614-C95F-265F-A8B7BD1B6CB1" localFKIndex="E97076AC-96DA-21A2-0EEE-1AABBF3B6C86" name="AUTOPOLICY_AGENT_FK">
<createdBy>mashu</createdBy>
<createdTime>2017-11-07 19:33:55 UTC</createdTime>
<generatorID>8D2B827F-01DC-A74C-9746-FCE89EBA2D26</generatorID>
<ownerDesignName>123</ownerDesignName>
<referredTableLongName>AGENT</referredTableLongName>
<deleteRule>NO ACTION</deleteRule>
<referredTableID>2CCED268-E2B8-CE63-3B97-1131DBDCD950</referredTableID>
<keyObject>C3D36981-93A0-3889-EF3C-19E64118F9AC</keyObject>
<referredKeyID>C3D36981-93A0-3889-EF3C-19E64118F9AC</referredKeyID>
<mandatory>true</mandatory>
<refColNames>AgentID</refColNames>
<transferable>true</transferable>
<rely>false</rely>
<columnDependencyConstraintGenerateInDDL>true</columnDependencyConstraintGenerateInDDL>
</FKIndexAssociation>