<?xml version = '1.0' encoding = 'UTF-8'?>
<FKIndexAssociation class="oracle.dbtools.crest.model.design.relational.FKIndexAssociation" directorySegmentName="seg_0" id="86B53CB4-F10C-A1F7-178D-AFBC29B0274E" containerWithKeyObject="9A490BB5-1040-795F-8A8C-05125BA9E4C4" localFKIndex="4B04D980-AC16-839E-0992-4BD68C99AE1B" name="CLIENT_AUTOPOLICY_DRIVER_FK">
<createdBy>mashu</createdBy>
<createdTime>2017-11-07 20:26:52 UTC</createdTime>
<ownerDesignName>123</ownerDesignName>
<referredTableLongName>DRIVER</referredTableLongName>
<deleteRule>NO ACTION</deleteRule>
<referredTableID>5368CB72-0C13-B74E-23EF-2F8EA8A7D2E4</referredTableID>
<keyObject>0DB5ECA4-CB73-D10E-80E1-57BD5051E9CB</keyObject>
<referredKeyID>0DB5ECA4-CB73-D10E-80E1-57BD5051E9CB</referredKeyID>
<mandatory>true</mandatory>
<refColNames>DriverLicenseNoD</refColNames>
<transferable>true</transferable>
<rely>false</rely>
<columnDependencyConstraintGenerateInDDL>true</columnDependencyConstraintGenerateInDDL>
</FKIndexAssociation>