<?xml version = '1.0' encoding = 'UTF-8'?>
<FKIndexAssociation class="oracle.dbtools.crest.model.design.relational.FKIndexAssociation" directorySegmentName="seg_0" id="8DC8258E-24AB-6C8A-D3BA-F8BFE5A5C933" containerWithKeyObject="077D2AFA-CB5B-0BC4-1F39-F016101B7891" localFKIndex="8B800995-5444-E9B4-9F9E-475C3614E1D3" name="INVOICE_PAYMENT_FK">
<createdBy>mashu</createdBy>
<createdTime>2017-11-07 19:33:55 UTC</createdTime>
<generatorID>8D78F37B-1ACA-9061-E2C2-AE21F8F2DF75</generatorID>
<ownerDesignName>123</ownerDesignName>
<referredTableLongName>PAYMENT</referredTableLongName>
<deleteRule>NO ACTION</deleteRule>
<referredTableID>4F16EBA4-CF28-0B4B-CE38-F33D7ADEA96F</referredTableID>
<keyObject>0907201C-9D4E-D1A6-60F2-6169FE358AC5</keyObject>
<referredKeyID>0907201C-9D4E-D1A6-60F2-6169FE358AC5</referredKeyID>
<mandatory>true</mandatory>
<refColNames>PaymentNo</refColNames>
<transferable>true</transferable>
<rely>false</rely>
<columnDependencyConstraintGenerateInDDL>true</columnDependencyConstraintGenerateInDDL>
</FKIndexAssociation>