<?xml version = '1.0' encoding = 'UTF-8'?>
<FKIndexAssociation class="oracle.dbtools.crest.model.design.relational.FKIndexAssociation" directorySegmentName="seg_0" id="AC2ED360-340B-11E7-BA13-76C12BCF5B99" containerWithKeyObject="9E3F2292-3EAB-9244-E3A9-CD0144998F72" localFKIndex="6472CBED-1274-E232-C3D1-A5815F13306F" name="LIFEPOLICY_AGENT_FK">
<createdBy>mashu</createdBy>
<createdTime>2017-11-07 19:33:55 UTC</createdTime>
<generatorID>EEE72D7C-93EC-21ED-D8CC-EC5CD331BB52</generatorID>
<ownerDesignName>123</ownerDesignName>
<referredTableLongName>AGENT</referredTableLongName>
<deleteRule>NO ACTION</deleteRule>
<referredTableID>2CCED268-E2B8-CE63-3B97-1131DBDCD950</referredTableID>
<keyObject>C3D36981-93A0-3889-EF3C-19E64118F9AC</keyObject>
<referredKeyID>C3D36981-93A0-3889-EF3C-19E64118F9AC</referredKeyID>
<mandatory>true</mandatory>
<refColNames>AgentID</refColNames>
<transferable>true</transferable>
<rely>false</rely>
<columnDependencyConstraintGenerateInDDL>true</columnDependencyConstraintGenerateInDDL>
</FKIndexAssociation>