<?xml version = '1.0' encoding = 'UTF-8'?>
<FKIndexAssociation class="oracle.dbtools.crest.model.design.relational.FKIndexAssociation" directorySegmentName="seg_0" id="BCF5CA21-E7DF-A668-3170-EA7EE2E12422" containerWithKeyObject="552D0A5F-7515-EF0B-A73E-57BDAA5ACCC2" localFKIndex="D398F13B-9681-2193-6C11-C1DFC8D258EE" name="CLAIM_AUTOPOLICY_FK">
<createdBy>mashu</createdBy>
<createdTime>2017-11-07 19:33:55 UTC</createdTime>
<generatorID>18B7FD79-544A-13DE-EF74-B05EE5BB9FC8</generatorID>
<ownerDesignName>123</ownerDesignName>
<referredTableLongName>AUTOPOLICY</referredTableLongName>
<deleteRule>NO ACTION</deleteRule>
<referredTableID>991DCD47-7614-C95F-265F-A8B7BD1B6CB1</referredTableID>
<keyObject>4A1E38DB-4662-C5AC-992F-8EE38C9C247F</keyObject>
<referredKeyID>4A1E38DB-4662-C5AC-992F-8EE38C9C247F</referredKeyID>
<mandatory>true</mandatory>
<refColNames>AutoPolicyNo</refColNames>
<transferable>true</transferable>
<rely>false</rely>
<columnDependencyConstraintGenerateInDDL>true</columnDependencyConstraintGenerateInDDL>
</FKIndexAssociation>