<?xml version = '1.0' encoding = 'UTF-8'?>
<FKIndexAssociation class="oracle.dbtools.crest.model.design.relational.FKIndexAssociation" directorySegmentName="seg_0" id="E42B028B-6702-9B44-CCDE-056B536FEC8E" containerWithKeyObject="552D0A5F-7515-EF0B-A73E-57BDAA5ACCC2" localFKIndex="2499F4D6-C7A5-30F8-D8F3-6D23F282BBC7" name="CLAIM_LIFEPOLICY_FK">
<createdBy>mashu</createdBy>
<createdTime>2017-11-07 19:33:55 UTC</createdTime>
<generatorID>7CAC7425-3A9D-E171-F116-7B3612945950</generatorID>
<ownerDesignName>123</ownerDesignName>
<referredTableLongName>LIFEPOLICY</referredTableLongName>
<deleteRule>NO ACTION</deleteRule>
<referredTableID>9E3F2292-3EAB-9244-E3A9-CD0144998F72</referredTableID>
<keyObject>5E1E6CB3-D918-B8D3-B50D-7FC6270D7653</keyObject>
<referredKeyID>5E1E6CB3-D918-B8D3-B50D-7FC6270D7653</referredKeyID>
<mandatory>true</mandatory>
<refColNames>LifePolicyNo,CLIENT_ClientID</refColNames>
<transferable>true</transferable>
<rely>false</rely>
<columnDependencyConstraintGenerateInDDL>true</columnDependencyConstraintGenerateInDDL>
</FKIndexAssociation>