<?xml version = '1.0' encoding = 'UTF-8'?>
<FKIndexAssociation class="oracle.dbtools.crest.model.design.relational.FKIndexAssociation" directorySegmentName="seg_0" id="FAB6CBAE-0D73-E0D5-C088-FCCD0E3A98D0" containerWithKeyObject="4F16EBA4-CF28-0B4B-CE38-F33D7ADEA96F" localFKIndex="7C90FD89-8FED-56CE-5073-3BC0CE4EF2FB" name="PAYMENT_CLIENT_FK">
<createdBy>mashu</createdBy>
<createdTime>2017-11-07 19:33:55 UTC</createdTime>
<generatorID>335733A6-BCC7-4A79-76C7-D3EA107176BB</generatorID>
<ownerDesignName>123</ownerDesignName>
<referredTableLongName>CLIENT</referredTableLongName>
<deleteRule>NO ACTION</deleteRule>
<referredTableID>4C939B9B-144D-A8BF-7F88-A4AE66C8E1FF</referredTableID>
<keyObject>93AE09BC-1E5F-273A-F166-66335CE47781</keyObject>
<referredKeyID>93AE09BC-1E5F-273A-F166-66335CE47781</referredKeyID>
<mandatory>true</mandatory>
<refColNames>ClientID</refColNames>
<transferable>true</transferable>
<rely>false</rely>
<columnDependencyConstraintGenerateInDDL>true</columnDependencyConstraintGenerateInDDL>
</FKIndexAssociation>